Document,Topic,pos dataset 10K (starting from 0)
"la gpa est le summum du business de la procréation, car c’est la vente et l’achat d’un enfant. c’est un trafic d’êtres humains. les enfants ne doivent faire l’objet d’aucun trafic. la femme n’est pas un moyen de production.",gender,53
"une femme ne vous aime jamais pour “qui vous êtes”. elle vous aime pour le statut que vous lui apportez, le style de vie que vous lui offrez, le divertissement que vous lui procurez.",gender,62
"sur la polémique autour de la gpa lancée par , ludo rappelle sur que cette pratique consiste à ""louer une femme, l'utiliser comme incubatrice, pour qu'elle produise un enfant au profit d'un tiers. c'est une exploitation de la femme.""",gender,121
voici les cadeaux pour ces enfants qui ne partent jamais en vacances. je les accueille à aujourd’hui. 200 familles monoparentales .:red_heart::zany_face::red_heart:,gender,134
"en fait quant t’es un homme, il faudrait que tu fasses signer un contrat à ta partenaire à chaque fois que tu veux coucher avec elle parce qu’entre deux rounds elle peut changer d’avis et t’accuser de viol. ridicule et totalement insupportable.",gender,146
"conseillère municipale de vitry, elle appelle au meurtre d’autres femmes.",gender,175
"la pensée totalitaire, qui fait passer des mensonges pour des vérités, a de plus en plus d’alliés complaisants. les médias ""progressistes"", enrôlés par la propagande lgbt+, sont de ceux-ci quand ils cautionnent la fiction de l'homme enceint.",gender,183
":green_circle: bizarrement, sandrinerousseau est beaucoup moins féministe lorsqu’il s’agit de dénoncer le viol de cherbourg ou lorsqu’elle siège dans le même intergroupe qu’un député condamné pour violences conjugales… :clown_face: endométriose directan",gender,252
"elle doit toujours craindre de perdre un homme de qualité, peu importe la valeur que vous ayez réellement. c’est la clé d’un couple qui dure.",gender,257
"européennes2024 &gt; l’union européenne, signataire de la convention d’istanbul, s’est engagée à lutter contre les violences faites aux femmes. proposition n°13 relative à la gpa :backhand_index_pointing_down::link:",gender,286
":red_circle: se mettent en ordre de bataille pour perdre aux européennes2024 ! toute compromission avec la gpa, pratique injuste pour les enfants et qui consiste à exploiter les femmes, sera sanctionnée. cc",gender,331
"celui des deux qui est le plus détaché dans la relation, c’est celui qui détient le plus de pouvoir. ayez toujours moins besoin d’elle qu’elle n’a besoin de vous.",gender,417
"en 2024, selon « le coin des lgbt » une lesbienne c’est ça. alors on pourrait en rire, sauf que ce compte est si influent que qui est ministre chargée de l'egalité entre les femmes et les hommes… a exprimé dans un tweet adressé à ce compte son souhait de «…",gender,427
":red_circle: « on a cherché à adapter, à plier le corps de la femme aux conditions du marché et de l’économie, alors qu’il aurait fallu faire l’inverse » revient sur la façon dont les féministes ont réussi à asservir les femmes au salariat. :movie_camera:",gender,430
"le front populaire a remplacé la candidature de quatennens, auteur de violences conjugales, par amy bah, qui cautionne un appel à tuer les « transphobes ». la haine mais avec le sourire et des paillettes :sparkles: :transgender_flag:",gender,440
cette extrême-gauche auto-proclamée féministe pour laquelle la polygamie n’est pas un problème…,gender,443
"""la violence faite aux femmes"", dénoncent-elles. sauf là....soutien à , et honte aux féministes silencieuses.",gender,495
"une femme veut être désirée par un homme, mais pas indispensable à ses yeux. les hommes qui dépendent affectivement des femmes sont repoussants et ennuyants.",gender,544
"en général, celles qui s’insurgent en disant que « toutes les femmes ne sont pas comme ça » se sentent précisément concernées par le propos en question.",gender,574
":netherlands: lale gül, libre, vraiment ? son premier livre avait défrayé la chronique aux pays-bas. depuis, la jeune femme se sent menacée",gender,578
"a l'occasion de la journée internationale des droits des femmes le 8 mars, le syndicat de la famille a décidé de mettre des femmes d'exception à l'honneur. pour réaffirmer une évidence qu'il est utile de rappeler : on naît femme... et on le devient !",gender,604
"si elle dit s’habiller « pour elle », traduisez qu’elle n’assume pas d’être une allumeuse tchoinflation",gender,636
"en effet ça marche dans les comics et sur netflix mais dans la vraie vie ça peut devenir très dangereux pour ces femmes, leurs collègues, les requérants, etc.",gender,647
". : ""peut-être aussi parce que je suis une femme, je crois profondément aux médiations, à changer notre rapport au pouvoir, vers l'apaisement""",gender,694
":alarm_clock: ce soir, à 19h45, nous vous révélons le visage d'un témoignage central de notre livre transmania. alexandra est née avec des chromosomes sexuels xxy. elle nous a parlé de ce trouble sans tabous, et de son ras-le-bol du transgenrisme. abonnez-vous :backhand_index_pointing_right:",gender,700
"contre-feu de paille : la gaumont prépare une série sur brigitte la série va s’appeler brigitte, une femme libre. on se demande si c’est sérieux. déjà, le titre sent la légende boiteuse. égalité et réconciliation",gender,805
"en publiant un livre sur les dérives de l’idéologie transgenre, les féministes dora moutot et marguerite stern témoignent combien défendre le simple constat de la biologie est aujourd’hui transgressif.",gender,807
"si elle ne pleure pas des semaines durant après que vous ayez rompu, si elle ne réduit pas sa vie sociale, et ne s’enferme pas chez elle pendant des jours, c’est que vous ne signifiez rien à ses yeux. votre absence ne change rien à sa vie.",gender,825
"c'est assez amusant d'apprendre les émois de , elle qui fut une des premières à la fi à utiliser avec son équipe le dénigrement, les insultes, les allusions douteuses sur les réseaux sociaux. domaine dans lequel elle surclasse largement pierre mendès-france.",gender,954
"et oui les transgenristes hurlent à la transphobie, sauf qu’au contraire, les gens qui lisent notre livre comprennent grâce à lui que la dysphorie est un véritable problème de santé.",gender,961
christine kelly dans le jdd : “la france de l’espérance”,gender,1052
"""d’origine berrichonne, raymonde vincent (1908-1985) obtient en 1937 le prix femina pour son roman campagne, vendu à plus de 100 000 exemplaires...""",gender,1061
livreblanc &gt; les recommandations de lsf pour l'abolition de la gpa : :keycap_5: réaffirmer la souveraineté nationale de chaque etat en matière d’interdiction de la gpa qui est une atteinte aux droits de l'enfant et une violence faite aux femmes.,gender,1129
"« une terf, une balle » : marguerite stern et dora moutot (transmania) menacées de mort - par transmania les deux jeunes femmes peuvent compter sur le soutien de j. k. rowling, l'auteur de la saga harry potter.",gender,1202
"la gpa et le commerce des gamètes constituent une exploitation reproductive des femmes, des hommes et des enfants, comme le démontre le livre blanc que nous sommes venus présenter à genève à l'occasion de la 53e session du comité des droits de l'homme. nous appelons l' à",gender,1245
":studio_microphone:""personne ne s’est intéressé au fond du travail des femmes élues, on est en droit de faire le bilan des femmes en politique."" :books: la journaliste de cnews christine kelly publie ""femmes en politique : premier bilan"" - entretien avec :right_arrow_curving_down:",gender,1267
"livreblanc &gt; les recommandations de lsf pour l'abolition de la gpa : :keycap_4: stopper toutes les prétendues tentatives d’encadrement international de la gpa qui, en fait, seraient une reconnaissance détournée de la gpa : la :france: doit dénoncer les travaux de la conférence de la haye.",gender,1290
jeudi volant sur 12/14h. série noire chez boeing aviation : michel polacco explique. france de plus en plus orange mécanique ? décrit.les nombreux tanguy pourront-ils célébrer la fête des mères? et le remède de daniel schiffer contre le woke: le rock!,gender,1323
"« vous nous laissez l’interroger ? » au delà de sa campagne, cette humiliation de valérie hayer est un message catastrophique pour toutes les femmes qui s’engagent politiquement. gabriel attal a dépassé toutes les bornes.",gender,1401
"on a le droit de dire que les gonzesses racontent des trucs inintéressants seulement si on est de gauche, sinon c’est du sexisme.",gender,1511
"à tous mes followers à gauche ou au centre du monde féministe qui viennent se plaindre et communiquer leur déception quant à mes interactions avec la droite, voici ce que j'ai à vous dire : ( pour me suivre sur instagram :",gender,1546
pour rire un peu,gender,1565
la gaypride ce n’est plus seulement l’arrogance gay c’est aussi l’arrogance trans. avec l’argent public des associations subventionnées,gender,1615
"la pratique de la gpa est illégale, interdite en france. et le parlement européen parle majoritairement de traite d’êtres humains. les ministres macronistes qui veulent imposer la gpa sont hors la loi. ils devraient démissionner. leur méprisante et insultante réaction est la",gender,1625
"cher gouvernement , cher . je vous invite à réfléchir à ce que signifie « être soi » dans le cadre du transgenrisme. dans le transgenrisme, ce qu’on fuit, c’est justement être soi, pour devenir ce quelqu’un d’autre, cet alter ego fantasmé, que l’on ne…",gender,1630
"ces hommes réduisent violemment deux jeunes femmes au silence, mais ils sont de gauche, donc ça va. la ""justice sociale"" est un totem d'immunité.",gender,1692
pourquoi est-ce qu’un homme devrait remplir le rôle traditionnel de payer l’addition si la femme ne remplit pas le rôle traditionnel de faire la cuisine et le ménage ?,gender,1696
"si je dis que les hommes sont tendanciellement plus violents que les femmes, ça ne choque personne. mais si je dis par exemple que les femmes sont tendanciellement plus manipulatrices : « comment oses-tu dénigrer les femmes ! » :face_with_symbols_on_mouth::face_screaming_in_fear: serions-nous exemptes de tout défaut ?",gender,1705
"""la gpa ne peut pas être encadrée pour une raison simple : on n’encadre pas l’inacceptable, on le combat."" déclaration complète du syndicat de la famille suite aux déclarations de .",gender,1706
"lors des manifestations du front populaire, il y avait des propos choquants envers les forces de l'ordre, envers les électeurs du rn, et des propos qui culpabilisent les gays qui pourraient voter le rassemblement national.",gender,1739
"le transgenrisme est un danger :no_entry: avec , nous continuons à nous engager contre. demain, nous lançons une chaîne youtube pour diffuser des témoignages que vous n’entendrez jamais dans les médias mainstreams :collision: nous avons reçu certaines personnes dont les témoignages",gender,1745
je suis devant pour regarder bistrot libertés mais plus encore pour soutenir et lâchement harcelées et prises à partie. beaucoup de choses me séparent de ces jeunes femmes auteurs mais il faut saluer le courage et la lucidité. merci !,gender,1747
"dans la lignée de transmania :transgender_flag:( car on est du genre a pas lâcher l’affaire ), dans les jours qui viennent, et moi on va vous parler de notre nouveau projet ! on espère que ça va vous plaire et que ça fera du bruit ! :collision:",gender,1779
"rarement vu autant de mépris dans une interview. cette femme se prend pourtant féministe mais pour elle, on hiérarchise la violence.",gender,1790
"l’ivg dans la constitution reconnaît ""la liberté garantie à la femme"" d’y avoir recours. or ce droit était acquis. sa sacralisation s’imposera aux autres libertés qui permettaient aux religieux de critiquer l'acte et à des médecins de se prévaloir de leur conscience. cette…",gender,1832
pourquoi les femmes vivent plus longtemps :,gender,1844
"« il n’y a pas de féminisme sans les femmes trans », dixit parlant de transmania. dites, madame malagré, avez-vous partagé cette brillante analyse avec des athlètes féminines qui perdent toutes leurs compétitions face à des femmes trans, c’est-à-dire des hommes…",gender,1849
"elle n’est ni spéciale, ni unique. c’est votre affection pour elle qu’il l’a rendue ainsi à vos yeux, vos souvenirs, l’énergie que vous lui avez dédiée. quelle qualité avait-elle qu’aucune autre ne posséderait ? aucune. ne vous torturez pas à son égard. allez de l’avant.",gender,1866
"football : la ""lutte contre l'homophobie"" se complique ! - par sarah-louise guille football homophobie contrairement à la lutte contre le racisme, celle contre l’homophobie ne fait pas consensus dans le football...",gender,1946
"le projet de l'ue est de dire : ""si vous êtes parents dans un pays, vous êtes parents dans tous les pays !"" le projet de certificat de parentalité date d’il y a un an... le but est de l’imposer à tous les pays qui refusent la gpa ou la pmasanspère.",gender,1976
"non , la femme n'est pas une marionnette pas plus qu'elle n'est un objet de propagande.",gender,1982
"les femmes asiatiques ont rattrapé (et désormais dépassé) l'homme blanc sur l'échelle des salaires (américaine, je suppose ?)",gender,2014
"l'horreur de la gpa racontée par une de ses victimes. pour redire notre opposition ferme à cette pratique et empêcher l'europe de nous l'imposer, rendez-vous le 16 novembre à paris. :raised_fist:",gender,2017
communiqué &gt; :european_union: la gpa a été définitivement reconnue comme une forme de traite humaine. c'est un 1er petit pas. mais les droits et la dignité des femmes et des enfants ne peuvent souffrir de la moindre ambiguïté. il faut aller plus loin : l'abolition !,gender,2041
"donc une femme qui accouche ne serait plus qu'une ""personne ayant accouché"" et ne serait plus reconnue comme femme et comme mère ? régression de la société, invisibilisation des femmes et des mères, conséquences des délires de l'idéologie gender/trans.",gender,2099
"si les hommes veulent s’amuser avec toi (et ne veulent pas s’engager), c’est que tu portes à cela, ou que tu ne vises pas ceux de ta catégorie. fâchez-vous comme vous voulez, ce n’est pas moi qui fixe les règles. :woman_shrugging_medium-light_skin_tone:",gender,2140
"vous avez aimé notre livre transmania ? vous y avez découvert alexandra, une personne intersexe qui s'oppose à l'idéologie transgenre. elle inaugure notre nouvelle émission de témoignages ""contre discours sur les questions de genre"" sur la chaîne youtube de et…",gender,2206
"l’offre de livres « queer-trans » est démentielle dans les librairies, comme le montre cette vidéo. mais par contre transmania qui offre une critique appronfondie de cette propagande est souvent introuvable…",gender,2208
"philippe de villiers ne s'en prend pas à l'orientation sexuelle de gabriel attal. il s'en prend à l'inattaquable lobby lgbt. mais il est aujourd'hui tellement plus facile et jouissif d'interpréter une phrase plutôt que de la comprendre. montrez-leur la lune, ils regarderont le",gender,2256
"tiens, c'est marrant, c'est comme si ça me rappelait quelque chose",gender,2276
"regardez l'interview de alexandra, personne intersexe passionnante sur le youtube de notre nouvelle chaine",gender,2300
"la triste réalité, c'est que les femmes d'aujourd'hui veulent des relations toxiques. elles aiment les hommes distants et froids. elles aiment les hommes qui ne font pas d'elles une priorité. elles aiment les hommes arrogants. la chevalerie, c'est fini.",gender,2348
"les hommes vieillissent comme le bon vin, les femmes vieillissent comme le lait. les femmes ont beaucoup d'options jeunes, mais ces options diminuent avec le temps. :chart_decreasing: les hommes ont peu d'options jeunes, mais ces options augmentent avec le temps. :chart_increasing: je ne fais pas les règles.",gender,2363
cette application a détruit toute une génération de femmes :,gender,2477
femme moderne moyenne : - enchaîne les relations - se marie à 30 ans passé - a 1-2 enfants maximum - arrête de coucher avec son mari - prend du poids et se laisse aller. pas étonnant que les hommes se désintéressent du mariage de nos jours.,gender,2480
les femmes sont programmées biologiquement à désirer des hommes qui leur sont supérieurs. et c’est une bonne chose.,gender,2489
"« il est très important qu’il y ait cette rencontre entre hommes et femmes, parce qu’aujourd’hui, le pire danger est l’idéologie du gender qui annule les différences », a déclaré le pape françois.",gender,2497
"le ""certificat européen de parentalité"" vise à faire reconnaître par tous les etats membres de l’ue la pmasanspère et la gpa : dès lors qu’ils sont reconnus dans un pays, ils devront l’être dans tous les autres. non à l'ingérence de l':european_union: en matière familiale et sociétale !",gender,2507
"non , le féminisme, c'est pour défendre les droits des femmes = des femelles adultes humaines. une femme n’est ni un homme castré, ni un homme qui aime les jupes, ni un homme mal dans sa peau qui déteste la masculinité et son corps, ni un homme qui est excité à…",gender,2536
bonne fêtedesmères à toutes les mamans de france !,gender,2544
"si elle se permet de vous manquer gravement de respect, c’est qu’elle ne vous voit pas comme sa meilleure option. elle pense qu’elle peut se permettre de vous perdre. si elle dépasse les bornes : faites-lui regretter son comportement en partant sans vous retourner. :waving_hand_light_skin_tone:",gender,2645
j’ai ri :face_with_tears_of_joy: il arrive parfois aux transgenristes d’être assez golri,gender,2648
"les transgenristes disent qu’être une femme est un genre et un sentiment. selon cette logique, il faudrait aussi rebaptiser le sexisme « genrisme », et l’homosexualité « homogenréité ».",gender,2672
les concours de beauté sont une cible de choix de l’idéologie woke. voici pourquoi,gender,2677
"bonne nouvelle pour les femmes et les enfants, aux portes de la france ! tolérance zéro quand il s'agit de trafic international d'êtres humains ! les couples qui commandent des enfants par gpa asservissent des femmes.",gender,2692
"""dans ces temps de tromperies universelles dire la vérité devient un acte révolutionnaire."" (extrait de 1984 d'orwell, publié en 1949) visionnaire sur le monde d'aujourd'hui : oser dire une vérité universelle -un homme est un :male_sign:, une femme est une :female_sign:- devient héroïque.",gender,2735
"ludo : ""chers parlementaires, osez, bougez, agissez, écrivez enfin la véritable histoire d’un féminisme réel et concret, écrivez l’histoire d’une défense ardente des plus vulnérables, les enfants !"" gpa",gender,2802
fête des mères aujourd'hui. n'oubliez pas ;) je nous connais les mecs. on oublie tout en dehors de la date de la finale de la coupe du monde tous les 4 ans.,gender,2809
"un homme a davantage à offrir à une femme dans sa trentaine, une femme a davantage à offrir à un homme dans sa vingtaine.",gender,2886
"faites-vous partie de ces hommes qui rêvent des femmes d’europe de l’est ? ces femmes qui seraient belles, traditionnelles, non-féministes et qui voudraient fonder des famille. :family_man_woman_girl_boy: opportunité de rêve ou piège pour naïfs ? mon avis en vidéo :right_arrow_curving_down:",gender,2924
les ruptures détruisent les femmes. les ruptures construisent les hommes. maintenant vous comprenez pourquoi le passé affectif n’a pas la même importance chez les unes que chez les autres.,gender,2945
in memoriam. comment te dire adieu. le premier 45 tour que j’ai offert à celle qui sera mon épouse. « tous les garçons et les filles de mon âge ».,gender,2955
"« des femmes qui m’ont touchée? rachida dati, carole delga, marion maréchal.. » femmesenpolitique",gender,2977
"mon cousin vient de me téléphoner pour me dire qu'il me désinvitait de son mariage car selon sa meuf ""il y a plus de 2 sexes"" (lol) et que je suis une facho. ils devaient avoir peur que je retourne le cerveau à leurs potes gauchos devant les profiteroles.",gender,2980
"découvrir « clair de femme », de romain gary",gender,2995
"avis définitif : la gpa, c'est un outil du capitalisme de la gestation : c’est l’exploitation des corps des femmes, la marchandisation de la reproduction, le renforcement des inégalités, le contrôle des corps de femmes marginalisées ou esclaves et donc la perpétuation des",gender,3049
"transmania, un homme addict au porno sissy qui a transitionné en ""femme"" explique: ""quand l'hypnose sissy prend le pas sur ta vie, que tu prends des hormones féminines depuis 6 mois et que tu te sens de moins en moins ton ancien toi et de plus en plus n'être rien de plus qu'une…",gender,3076
le pic d’attractivité des femmes est à 20 ans le pic d’attractivité des hommes est à 30 ans.,gender,3084
"l’historien yves chiron publie ""les dix conclaves qui ont marqué l’histoire"" (perrin). où l’on voit que l’histoire de l’eglise n’est pas un long fleuve tranquille… entretien.",gender,3109
":raised_fist: mobilisation le jeudi 16 novembre à 19h à paris contre le projet de ""certificat européen de parentalité"" qui est une tentative déguisée pour contraindre les états membres à reconnaître les gpa pratiquées à l’étranger.",gender,3120
"l'ex femme d'un homme qui a transitionné en femme raconte: ""mon ex m'imitait. il imitait mes manières et mon rire. il copiait ma coiffure et ma couleur de cheveux. même son opération du nez ressemble à mon nez. il portait mes vêtements. il me regardait faire mon maquillage. je…",gender,3123
"la théologienne marion muller-colard publie la vie funambule. portrait d’une femme de lettres inclassable, rencontrée dans la maison d’édition qu’elle dirige, à genève.",gender,3125
"peut-être que justement les hommes ne veulent pas de femmes « cools, fortes et indépendantes ». un homme veut rassurer, protéger et se sentir utile. soit tout ce que ne permettent pas les femmes modernes.",gender,3134
"elles ne l'exprimeront probablement jamais, car cela leur échappe souvent, mais les femmes tendent à rechercher un homme qui les cadre et les canalise. soyez cet homme-là, et elle vous respectera et vous chérira toute votre vie.",gender,3210
merci à vous ! hâte que les choses bougent en france et que les femmes ne puissent plus se faire menacer de mort et insulter à tout va car elles défendent la réalité biologique.,gender,3226
louiz est tout simplement un homme aux goûts très féminins qui se sent si mal à l’aise dans les stéréotypes masculins que la société a tendance à imposer qu’il préfère dire qu’il est une femme pour obtenir acceptation et validation. il n’est pas une femme et ne le sera jamais…,gender,3281
c’est fou cette tendance des femmes modernes à toujours tout ramener à soi et vouloir systématiquement être le centre d’attention de tous les sujets… même quand ça n'a aucun rapport.,gender,3328
attention : les féministes accréditées ne vont pas s'emparer de cette information.,gender,3349
"c'est le ""totalitarisme d'atmosphère"" selon foot homophobie",gender,3351
"le slogan favori de la secte hyper violente queer-trans : « sauve 1 trans, tue une terf ». voir le post épinglé en haut de ma page. c’était taggé dans les rues de paris.",gender,3377
la bague et la cérémonie de mariage comptent davantage aux yeux des femmes modernes que l’homme qu’elles épousent.,gender,3501
"elle ne répond pas à tes messages ? va en dm une autre. elle n’est ni spéciale ni unique. ne gaspille pas inutilement de l’énergie. ton temps est précieux. si elle ne l’a pas compris, elle ne le mérite pas.",gender,3519
"si une femme vous crée des embrouilles et des disputes sans raison, c’est parce qu’elle s’ennuie avec vous et cherche à se distraire. ses ex petits-amis toxiques lui manquent.",gender,3547
les trans maniaques en roue libre.,gender,3609
"les femmes sont indécises par nature, c’est pourquoi ce sont les hommes qui doivent commander.",gender,3631
ceux qui ne la connaissent pas devraient lire l’histoire de la vie de geneviève de galard …. une autre époque qui semble si lointaine .,gender,3716
":camera_with_flash: valérie enjambe ces piles de livres depuis 40 ans. ""impossible d'y mettre de l'ordre"", se résigne t-elle en feuilletant sa dernière acquisition, une édition originale des fables de la fontaine. la librairie chanut fut d'abord celle de ses parents. à l'époque, valérie",gender,3731
"et masochiste avec ça. alors oui, on peut donner des leçons de féminisme à ce gouvernement, et pas seulement parce qu’il rabaisse sa candidate. surtout parce qu’il est incapable d’assurer le premier des droits des femmes : être en sécurité dans l’espace public.",gender,3809
"[temoignage] exclusif : une femme dans l’enfer calédonien - par nouvellecalédonie ""les insurgés continuent d’agir exactement comme avant le passage de monsieur macron : barrages filtrants, feux..,""",gender,3842
"josiane a le pouvoir de me faire rire, ce qui n'est pas évident sur ce réseau social.",gender,3901
"s'ils se tenaient un peu au courant de l'actualité, c'est le rayon lgbt tout entier qu'ils placeraient quelque part entre ""occultisme"" et ""psychiatrie""",gender,3903
":georgia: en géorgie, le parti au pouvoir a présenté une loi nommée « contre la propagande lgbt auprès des mineurs et pour la protection des valeurs familiales » : contre le mariage et l'adoption :rainbow_flag:, contre le changement de sexe, pour l'introduction d'un jour de la « sainteté de la",gender,3912
"plus elle est masculine, plus elle recherche un homme qui soit plus viril et dominant qu’elle. les femmes cherchent toutes celui qui réussira à leur tenir tête.",gender,3919
"contrôle de qualité, service après-vente, remplacement de produit défectueux : derrière les images glamour, la gpa c’est l’horreur de la marchandisation des enfants et le commerce des ventres des femmes. un progrès, vraiment ?? gpa",gender,3961
"transmania : sujet interdit. par la voix d'énora malagré, le service public (nos impôts) s'aligne à son tour sur le transactivisme de censure, et en appelle à l'arcom... francetv n'admet pas qu'on dise qu'une femme est une femme, et que peut-être les bloqueurs de puberté ne sont",gender,3962
":police_car_light: brigitte macron brings forward of the hearing in her case against natacha rey ( via ) brigitte macron’s and her brother jean-michel trogneux’s libel trial against natacha rey, the woman who claims that the first lady is a man, was due to take place in…",gender,4016
quand on ose dire qu’être une femme est une réalité biologique en 2024 et que c’est peut-être pas une bonne idée de castrer chimiquement des mômes :,gender,4079
je suis partagé entre un rire nerveux et un profond soupir.,gender,4148
"nous portons plainte, car il est grand temps, que l'appel à brûler ou à tuer les femmes qui pensent qu'être une femme est une réalité biologique et non pas un ressenti soit enfin puni en france!",gender,4172
"quand les gens me disent « faut porter plainte » à chacun de mes tweets, bah je suis d’accord, mais seulement si y’a un commissariat qui veut bien me donner un lit et un oreiller, car vu que je dois déposer plainte tous les matins vu les dingueries des transgenristes, autant…",gender,4260
"vous ne devriez jamais l'inviter au restaurant tant que vous n'êtes pas sûr que son intérêt pour vous est réel. si vous n'avez pas concrétisé, tenez-vous en au café.",gender,4279
"les féministes, si elles étaient cohérentes et honnêtes, devraient être vent debout, dénoncer la dernière entourloupe du patriarcat qui pratique le womanface - surjouant les clichés sexistes -, et se rend coupable d’appropriation biologique : un prix réservé aux femmes leur a…",gender,4324
"livreblanc &gt; les recommandations de lsf pour l'abolition de la gpa : :keycap_3: obtenir une condamnation unanime de toutes les formes de gestation pour autrui. rémunérée ou gratuite, l'exploitation d'une femme est toujours scandaleuse.",gender,4440
la gestation pour autrui est formellement reconnue par le parlement européen comme une forme d'exploitation reproductive ! :clapping_hands: areyouoneofus surrogacy humantrafficking,gender,4449
"ce n’est pas une déesse, ni une reine, ni une princesse. c’est un être humain comme toi, avec ses complexes. il y en a des millions comme elle. alors arrête d’être intimidé par les femmes et de les mettre sur un piédestal.",gender,4452
"le 25 novembre, ce sera la journée internationale de lutte contre les violences faites aux femmes. quelle pire violence que celle de la gpa qui considère la femme comme un simple outil de reproduction que l’on peut louer, peu importent les conséquences physiques et psychiques ?",gender,4482
"le premier épisode de notre émission de témoignages ""contre discours sur les questions de genre"" vient de sortir sur notre chaine ! :speaking_head: alexandra est une personne dite intersexe qui s’oppose à l’idéologie transgenre à qui nous avons déjà donné la parole dans notre…",gender,4499
"les femmes vivent plus longtemps que les hommes, et la science semble enfin avoir trouvé pourquoi",gender,4552
"dites rima hassan, vous en êtes où de votre combat pour les droits des lgbt à gaza ? êtes-vous en contact avec le ministère des minorités sexuelles du hamas pour parler pma et gpa ? a quand une délégation de lfistes à gaza pour parler mariage homosexuel ? votre…",gender,4564
"marseille le 15 juin, les habitants du 12eme arrondissement réveillés au son du muezzin pour la fête de l'aïd : bonne mère !",gender,4587
mineurs transgenres : que sont les bloqueurs de puberté ?,gender,4590
"si vous ne vous voyez pas vous-même comme sa meilleure option, comment le pourrait-elle ? la condition sine qua none à la fidélité d'une femme, c'est sa certitude absolue que vous êtes irremplaçable. devenez cet homme-là et agissez comme lui.",gender,4643
ça vire à la blague.,gender,4696
"après l'enseignante, voici l'avocate. en écosse, dire que ces personnes ne sont pas des femmes pourra désormais être considéré comme un ""crime haineux"". voilà pourquoi il faut lire transmania",gender,4698
à mourir de rire !,gender,4701
"marie cau, maire transgenre, me traite de nazi, car je dis qu’il existe 2 sexes et qu’une femme est une femelle adulte humaine, ce qu’il ne sera jamais. cet homme m’a attaqué en justice pour « appel à la haine » avec des assos lgbt car j’ai dit qu’il est un homme transféminin, et…",gender,4708
"la gpa est un contrat en vue de la conception, de la gestation, de l’abandon et de la remise d’un enfant par une femme à des commanditaires. c'est un véritable trafic d'êtres humains qu'il faut condamner fermement et interdire. :raised_fist: mobilisons-nous tous jeudi 16 novembre à paris",gender,4715
":red_circle: appelle à un engagement international pour interdire la gpa. ""le respect de la vie, de chaque vie humaine, à commencer par celle de l'enfant à naître dans le ventre de la mère, ne peut être supprimé ou devenir objet de commercialisation.""",gender,4752
"nous n’utilisons pas le mauvais genre, mais le bon sexe. la réalité biologique n’est pas une atteinte à la dignité de qui que ce soit. c’est la réalité, c’est tout, sur lequel vient s’appliquer chirurgies et prises d’hormones : technologies et artifices pour simulacres. il est…",gender,4770
"plus que d'une ""journée internationale"", les femmes ont besoin d'une vraie réflexion, compréhension, prise en compte de qui elles sont. sans confusion avec les hommes, au contraire du militantisme woke. lsf vous invite à donner votre avis sur la femme :backhand_index_pointing_down:",gender,4778
"si votre unique but dans la vie est de conquérir une femme, vous n’en séduirez aucune. développez de l’ambition et donnez vous les moyens de vos objectifs ou elle vous quittera pour un autre.",gender,4785
"les femmes modernes exigent que l’homme leur paye tout et soit un pourvoyeur dans la relation. un retour à la tradition ? non. il doit juste entretenir le train de vie instagrammable de femmes au bodycount explosé, refaites de partout. la galanterie est un piège en 2024.",gender,4790
"cher paul b. preciado, n'es-tu pas censé être devenu un homme ? si c'est le cas, le féminisme ne devrait plus être ton affaire. ne connais-tu pas l'adage du néoféminisme qui dit que les femmes ne prennent plus de leçons des ""vieux hommes blancs""? :rolling_on_the_floor_laughing: paul, tu admets donc ici…",gender,4821
"offrez-lui une relation parfaitement sécurisée où tous ses désirs seront comblés, et elle vous trompera en retour. apprenez à maintenir un sage déséquilibre dans la relation.",gender,4823
épouser un personnage d’animé serait-il devenu plus réaliste pour le japonais moyen que de se trouver une femme ?,gender,4868
"nous y trouvons le minimum évidemment requis de la progressivité des programmes, le ""respect de l’intimité physique et psychique"", mais dénonçons les notions de ""stéréotypes de genre"" ou ""assignations de rôles"" introduites dès l'âge de 4 ans. sexe csp",gender,4959
"le pré requis pour être une femme trans c’est d’être un homme. le pré requis pour être un homme trans c’est d’être une femme. et le pré requis pour être sandrine rousseau, c’est d’être une suiveuse pas très futée qui est en train de dégoûter toutes les femmes à gauche qui ont…",gender,4997
"si vous en êtes à devoir menacer du pire pour dissuader votre femme de vous quitter, je vous suggère la rubrique ""hommes-femmes mode d'emploi"" de ma bibliothèque de séminaires. d'urgence.",gender,4999
"bonne fête des mères, mesdames !",gender,5073
"en plein discours de politique générale, alors que le pays flambe, s'émeut de pouvoir affirmer son homosexualité à la tribune de l'assemblée nationale. le problème avec ces militants, c'est que leur idéologie dominera toujours leur intelligence. pendant que des",gender,5102
"ne lui dites pas tout ce que vous faites. ne lui dites pas tout ce que vous pensez. ne lui dites pas tout ce que vous êtes. laissez-la en rêver pour vous, car l'imagination est le moteur de son désir.",gender,5161
le « front populaire » réinvestit adrien quatennens malgré sa condamnation pour violences conjugales. c’est un jour de deuil pour les femmes attachées à leurs droits et à leurs libertés : il ne devrait y avoir aucune tolérance morale et politique pour ces comportements violents.,gender,5168
"elle est drôle, cette dame.",gender,5196
"la vision de la maternité idéale selon les féministes. ça fait rêver hein ? il n’a jamais été question d’égalité, mais de revanche contre l’homme.",gender,5212
":red_heart: bonne fête papa :red_heart: votre père est unique. son amour, ses encouragements et son admiration sont irremplaçables pour vous, même s'il a bien sûr des défauts. grâce à lui, vous êtes ce que vous êtes ! sachons le dire, remercier et fêter notre père !",gender,5274
"les droits des femmes sont plus forts que jamais, mais leurs résultats nous montrent que toutes les luttes ne sont pas forcément bonnes à mener. journeedesdroitsdesfemmes",gender,5365
"""dans les discours autour de la gpa, on a l’impression qu’il s’agit d’une dette dont les femmes doivent s’acquitter. on parle de dons, et c’est toujours ce qui est attendu des femmes.""",gender,5376
"en explorant la transition de genre en sens inverse, le regret des personnes trans d'avoir changé de genre et qui, finalement, ont voulu revenir à leur sexe d'origine, cette chronique interroge à la fois la transphobie et la dysphorie.",gender,5409
"parfois, des gens me disent que je ne devrais pas me plaindre de la difficulté de ce que je vis car j'ai ""choisi ce combat contre le transgenrisme"" et j'ai envie de leur dire que non. non, je n'ai rien choisi du tout. c'est plutôt ce sujet qui m'a choisi. il y a eu plusieurs…",gender,5445
"cher , expliquez-nous le lien entre sexualité et commerce de meubles ?! cet affichage idéologique n'a pour but que de faire le buzz. boycottikea",gender,5525
"ludovine de la rochère : ""la dignité de la femme fait qu'on ne peut pas l'utiliser. la gpa est une aliénation de la femme et de l'enfant qui a conduit à un trafic international d'êtres humains, avec des flux dans le monde. ce marché représente 14 milliards de dollars.""",gender,5535
"émouvante visite de la maison natale de jeanne d’arc à domrémy-la-pucelle. c’est ici, à l’été 1425, qu’elle entendit pour la première fois les voix qui la guidèrent jusqu’à orléans. 1mai2024",gender,5708
"la gpa, pratique hautement sexiste et obscurantiste, est une des plus grandes hontes de ce début de siècle. l'intégralité de l'intervention de ludo à helsinki :",gender,5716
"les hommes aiment quand les femmes sont pures, les femmes aiment quand les hommes ont de l’expérience. le féminisme aura beau s’acharner, il ne changera jamais cette réalité biologique immuable.",gender,5720
politique : quel bilan pour les femmes ?,gender,5725
"l'abandon de bébé tarifé est une formidable avancée pour les femmes à barbe, les hommes à hommes, et tous ceux qui ont plus d'argent que de morale.",gender,5742
"cacher ou brûler transmania est devenu, dans certains milieux militants et chez les adolescents, un badge de coolitude. ça fait bien de montrer à son entourage qu’on s’en prend à ce livre. après ça on est « validé ». je crois que beaucoup d’adultes d’un certain âge ne s’en…",gender,5797
"""on ne peut pas reprocher à un croyant d'être homophobe si sa religion le lui commande"", affirme une candidate lfi/front populaire d'ile-de-france...ce n’est que le début ! :stop_sign: cette coalition de gamelards et de trotskards est le pire pour l’avenir du pays !",gender,5809
"européennes2024 &gt; le principe de subsidiarité en matière de droit de la famille s’impose à l’union européenne du fait des traités établissant ses compétences et celles des états membres. dans les faits, cette répartition n’est pas toujours respectée. :link:",gender,5815
"le tribunal arbitral du sport a tranché : non, une femme n'est pas un homme comme un autre. l'instance se félicite de sa décision : « une avancée majeure dans nos efforts pour protéger le sport féminin. »",gender,5847
"les femmes : « comment tu peux dire que les femmes testent les hommes pour voir s’ils sont audacieux thaïs :face_with_symbols_on_mouth: quand on dit non, c’est non ! espèce de malade ! :face_with_steam_from_nose: » aussi les femmes :",gender,5869
"vous voulez vraiment interdire la gpa, ? alors finis les salons et réunions organisés par les agences de gpa, finies les pub hébergées par ! faites respecter l’interdiction légale de la gpa en france, y compris sa promotion et la tentative d’entremise",gender,5895
"la société moderne et féministe passe son temps à diffuser des mensonges mortifères sur la nature des femmes, et enferme ainsi des légions d’hommes dans le célibat. il est temps de détruire ces mensonges une bonne fois pour toutes :collision::right_arrow_curving_down:",gender,5903
"si elle se plaint d'un autre homme auprès de vous, méfiez-vous. c'est sa manière de vous dire qu'il lui plait. vous êtes dans la friendzone.",gender,5906
":open_book::magnifying_glass_tilted_left: depuis plusieurs années, des jeunes femmes s’organisent pour défendre des valeurs opposées aux revendications des féministes de gauche. cc",gender,6029
"dans un sens, je me réjouis que de moins en moins de gens se marient. pourquoi ? parce que de moins en moins de femmes méritent d’être épousées. cela voudra donc dire que les hommes s’en sont rendu compte, et font très attention à ne pas s’engager avec la mauvaise partenaire.",gender,6032
le déni est un mécanisme du cerveau qui permet aux individus de se protéger face à une réalité qui serait trop douloureuse pour eux. vous comprenez maintenant pourquoi les femmes modernes et les hommes féminisés sont aussi virulents envers mes propos.,gender,6089
"en mémoire de dominique lunel, femme de combats",gender,6093
"ivgdanslaconstitution / le vrai problème des femmes reste la liberté d'aller et venir, sans être violées par des oqtf. la chrétienté a inventé un monde où la femme peut circuler librement, un monde sans excision et crime d'honneur, où la femme vaut un homme, et pas sa moitié.",gender,6164
"dans un rapport sur la transidentité, des sénateurs lr menés par la sénatrice du val-d'oise jacqueline eustache-brinio ont soulevé la prégnance de l'idéologie et de l'activisme trans dans les hautes sphères de l'état : tiens donc !",gender,6206
je souhaite une excellente fête à toutes les mamans de france !,gender,6213
"l’affaire madame : le livre censé débunker la rumeur sur brigitte macron n’y parvient pas la journaliste emmanuelle anizon a récemment publié un livre intitulé ""l'affaire madame"", dans lequel elle tente de démystifier les rumeurs qui entourent ""l'épouse""",gender,6215
ne faites jamais en sorte qu’une femme moderne s’ennuie. c’est le moment où elle commencera à réfléchir à vous tromper.,gender,6221
":television: kylian mbappé affirme qu'il n'a « pas envie de représenter un pays qui ne correspond pas à mes valeurs ». il a joué 6 ans au psg, club dirigé par des qataris, pays où l'homosexualité est illégale, où la préférence nationale s'applique et qui n'admet que 50 naturalisations/an.",gender,6237
"les femmes ne veulent pas être soumises aux hommes, les femmes veulent se soumettre à l’homme qu’elles choisiront. cette nuance est fondamentale.",gender,6294
"correction à l'article. rowling n'est pas en guerre contre les personnes transgenres mais contre la version extrémiste de l'idéologie trans. ce n'est pas la même chose. pour le reste, nous vivons dans un monde néo-soviétique où le rappel des évidences biologiques et anatomiques…",gender,6343
nouveaufrontpopulaire : « nous ferons le changement d'état civil des personnes transgenres sur simple déclaration ». mais qui veut ça en fait ?,gender,6378
"marlène schiappa, tacle adrien quatennens qui dit compter sur les féministes : «lfi ce sont ceux qui parlent le plus des droits des femmes et qui en font le moins», 180minutesinfo",gender,6393
étrange que l’on entende si peu les féministes de gauche et leurs associations sur le sujet de ces adolescentes prostituées de force.,gender,6429
"ayant embrassé le métier d’aesh (accompagnant d’élèves en situation de handicap), des femmes expliquent pourquoi elles l’ont choisi.",gender,6513
fetesdesmeres : bonne fête à toutes les mamans ! :red_heart: lafuria furia tpmp,gender,6541
"cher , voici ce qui se passe à deux pas de chez nous, en grèce. ne l'oublions pas, la gpa n'est rien d'autre qu'un sordide business sur la vie d'êtres humains. avis aux militants de l'esclavagisme et du trafic d'enfants...",gender,6564
"la valeur d'une femme est liée à sa beauté et sa pureté. plus elle vieillit et plus elle enchaîne les partenaires, plus sa valeur décroît. pour résumer : une tchoin onlyfans ne vaut rien à 35 ans.",gender,6607
"les filles qui se disent féministes, modernes et indépendantes, ça vous dérange pas trop d’exiger que les hommes soient galants avec vous ? en fait, pour vous, l’égalité s’arrête au moment où l’addition arrive :face_with_tears_of_joy:",gender,6665
"c’est amusant, les filles qui me détestent se sentent en réalité souvent visées par mes propos :eyes: p.s : se prétendre ""de droite"" et soutenir rachida dati qui présente ses vœux au musée de l'immigration ?!",gender,6680
très bonne fête à toutes les mamans de france ! :red_heart:,gender,6689
"aucune intimidation judiciaire ne me fera taire. je resterai du côté de la vérité, du réel et du refus de l’effacement des femmes.",gender,6721
souviens-toi qu'elle a sûrement déjà couché avec des hommes bien plus laids que toi. alors ne sois jamais intimidé par une jolie fille.,gender,6774
"en france, près d'un homme sur 2 serait prêt à coucher avec un robot. :robot: utérus artificiels, sex dolls… la sex tech semble tout faire pour que les hommes n’aient plus besoin de vraies femmes. seraient-elles devenues… inutiles ? réponse en vidéo :right_arrow_curving_down:",gender,6849
"on ne peut qu'être d'accord, mais c'est encore pire que ce que pense ce chroniqueur : la circulaire recommande que les élèves qui se sentent trans utilisent les vestiaires de l'autre sexe. nier et piétiner la si riche différence et complémentarité :male_sign:/:female_sign:, c'est non !",gender,6890
"les femmes modernes croient toujours au prince charmant. mais il n’a plus rien à voir avec celui des contes de fées. est-ce que vous faites partie des 0,3 % qui représentent leur homme idéal ? pourquoi les femmes sont devenues si capricieuses ? :right_arrow_curving_down:",gender,6941
"une femme peut penser que vous êtes un connard et pourtant être attirée par vous. une femme peut penser que vous êtes “l’homme parfait” pour elle, et pourtant vous friendzoner. ce qu’une femme pense de vous importe peu. ce qui compte, c’est ce qu’elle ressent avec vous.",gender,6968
le rôle d’un homme,gender,7013
"législatives : andy kerbra, député lfi sortant de loire-atlantique, annonce que le programme du front populaire intégrera le changement de sexe à l’état civil, sur simple déclaration en mairie, et sans avis médical",gender,7114
comment la macronie détruit le sport français avec l'homosexualisme les dirigeants de notre pays considèrent que les footballeurs doivent faire la promotion de l’homosexualité parce qu’il seraient essentiellement homophobes. égalité et réconciliation,gender,7171
"s’entretenir très bien, mais autant de muscles sur une femme, c’est franchement hideux. vous n’arriverez jamais à me faire dire qu’un homme qui sortirait avec une femme aussi musclée ne serait pas à minima bi-curieux.",gender,7172
"de fait, c’est bien sur le site, tout le monde peut vérifier. bébé garanti deux ans, produit défectueux remplacé…",gender,7173
":woman_light_skin_tone::red_heart: elles sont sur tous les fronts, elles sont merveilleuses de patience et de courage, elles assurent le présent en préparant l’avenir, elles méritent le respect et l’admiration de la nation. bonne fête à toutes les mères de france ! fêtedesmères",gender,7215
":owl: l' vous invite à vous rendre aujourd'hui au colloque consacré à la figure altière d'henri vincenot. imaginé par un stagiaire de la promotion wagner, cette journée organisée par est un événement salutaire pour rendre hommage à ce chantre de la…",gender,7244
notre livre n'est pas transphobe : en aucun cas il ne prône la haine de l'autre et des personnes trans. c'est une enquête sourcée notamment sur les bloqueurs de puberté et sur certains acteurs qui poussent les transitions de genre et en font des profits.,gender,7262
"les femmes modernes gâchent leur vingtaine en enchaînant les coups d’un soir et les cuites en boîte de nuit, et s’étonnent ensuite quand l’homme de valeur dont elles sont amoureuses ne les voit que comme des objets sexuels et refuse de s’engager. on obtient ce que l’on mérite.",gender,7300
"des femmes en garde à vue pour avoir déployé une banderole. quoiqu'on pense du message, c'est révoltant.",gender,7330
quand madame muzna épouse barthe ( rédacteur adjoint au monde chargé du proche orient) poursuivie pour avoir salué le 7/10 défend guiraud et renverse l’histoire . c’est guiraud ( que nous poursuivons) qui a traité de « porc » on est pas rendu .,gender,7366
que les riches puissent acheter les enfants des pauvres devrait choquer toute la gauche. la gpa est une substitution de maternité au moyen d’un contrat. cette abstraction juridique n’enlèvera jamais le fait naturel incompressible : chaque enfant a une mère. et la gpa lui vole.,gender,7380
qui vous dit que c’est une femme ?,gender,7389
"comparer le don du sang à l'abandon de bébé facturé. dysphorie de réalité, ça existe ? ps. oui je donne mon avis, j'ai autant d'utérus que vous",gender,7390
"messieurs, si votre femme grossit énormément et refuse de se mettre au sport, la quittez-vous ?",gender,7405
"plus elle a connu d’hommes, moins ses yeux brillent et s’émerveillent du monde. ils ont perdu leur étincelle.",gender,7426
"les transgenristes-queers-féministes intersectionelles- gauchistes du wokistan- trucmuche chose- n’ont pas l’air d’avoir très bien saisi ma psychologie. ils pensent que plus ils vont hurler, me harceler, me menacer, me canceller, plus je risque de finir par me taire. c’est tout…",gender,7451
"pour la porte-parole du , s'inquiéter de l'absence de mère relèverait donc de l'homophobie. quitte à justifier une pratique inhumaine où la mère est invisibilisée et l'enfant, objet d'un contrat ! où sont les féministes ?",gender,7453
"rachida dati préfère les femmes à l'usine, payées au smic pour emballer du saumon toute la journée.",gender,7502
"si les organes sexuels ne définissent pas le genre, en quoi les transexuels ont-ils besoin de se les mutiler pour s’affirmer dans leur nouvelle identité ? complètement malades.",gender,7532
"il faut dire que la femme du rédacteur en chef adjoint du monde , qui exalte le 7 octobre, vient de récidiver en traitant à nouveau « d’aram de service » . le couple est harmonieux tandis que le monde sombre.",gender,7535
"on naît femme, on ne le devient pas | le journal de montréal",gender,7561
"la virginité féminine est un cadeau, la virginité masculine est un boulet. je ne fais pas les règles.",gender,7575
"""selon bumble, 91 % des femmes préfèrent la nouvelle fonctionnalité où elles n’ont pas à faire le premier pas...""",gender,7600
garçon de bain…..renflement brun…. bruno essaye de nous dire quelque chose mais quoi ?,gender,7608
"si elle vous aime vraiment, elle :backhand_index_pointing_down_light_skin_tone: - mettra son instagram en privé - instaurera de la distance avec ses « amis » masculins - ne postera pas de photo en maillot de bain sur les réseaux sociaux. si vous avez besoin de lui demander pour qu’elle le fasse… partez ! :man_gesturing_no_light_skin_tone::cross_mark:",gender,7649
"ces femmes vivent leur consécration au cœur du monde. longtemps mal comprise, leur vocation ressurgit comme un signe des temps.",gender,7698
"voyez-la comme une fille banale. à contrario si vous la traitez comme spéciale et unique, elle se désintéressera de vous, car cela traduit que vous avez peu d'options. et quelle femme désirerait un homme que les autres femmes ne regardent pas ?",gender,7705
"plus que gênante, cette femme est douloureuse à voir et à entendre. ils ne sont même plus capables de nous fabriquer des escrocs un brin talentueux et crédibles dans leur rôle.",gender,7717
"pourquoi diable devrions-nous confier la flamme olympique à un homme qui imite vulgairement la femme ? la misogynie queer est en roue libre, avec la bénédiction de la mairie de paris. (bien sûr, il existe des drag queens qui éblouissent par leur talent en maquillage, mais…",gender,7731
"cette journée du 8 mars nous rappelle que les droits des femmes que l’on croyait définitivement acquis sont chaque jour remis en cause. face à l’avancée du multiculturalisme qui attente à leurs libertés, nous devons réimposer partout et à tous nos valeurs de civilisation.",gender,7832
ia: les hommes sont-ils en passe de devenir… obsolètes?,gender,7925
"[l'invitée] « la sororité n'existe pas entre les femmes politiques » - par christinekelly dans son dernier livre, à travers 30 portraits, christine kelly se demande ce qui caractérise une femme politique.",gender,7990
c’est une (mauvaise) plaisanterie ?,gender,8030
"la gay pride de maspalomas a tourné à l'orgie dans les jardins publics, suscitant l'indignation des riverains et des parents qui ont amené leurs enfants pour les sensibiliser contre l'homophobie : alors que les associations lgbt sont censées combattre",gender,8107
"une militante féministe choquée par la présence de scouts à la gare montparnasse - par arnaud florac pélerinagedechartres scouts montparnasse révulsez-vous devant la croix, mais n'oubliez pas de rompre le jeûne du ramadan. la gauche ne déçoit jamais...",gender,8129
"témoignage rare &amp; poignant d’alexandra, une personne dite intersexe qui s’exprime sans tabous sur : :minus: son parcours de vie ; :minus: sa pathologie ; :minus: son anatomie ; :minus: la réalité de la vaginoplastie ; :minus: les assos trans qui délirent. l’avant-premiere ici :backhand_index_pointing_right:",gender,8140
"let's go! dans la continuité de notre livre transmania, avec , nous lançons sur notre chaîne youtube femelliste, une émission de discours dissidents sur les questions de genre. nous avons donné la parole à une dizaine de personnes dont vous n'entendez jamais la…",gender,8210
"on parle sans arrêt des droits des femmes, mais quand se mettra-t-on à parler de leurs devoirs ? journeedesdroitsdesfemmes",gender,8211
la séquence vaut le détour ! c’est tellement nul que c’est drôle…,gender,8304
le patriarcat d’autrefois se justifiait en partie pour des raisons de division du travail et en grande partie à cause de l’obligation pour les femmes de se mettre sous la protection d’hommes pour éviter la prédation… d’autres hommes. que les jeunes filles ne puissent plus «,gender,8336
quel regard sur femmes politiques dans le monde? à suivre dans un instant 10h30 sur ⁦⁩ avec valérie tibet :party_popper:,gender,8338
faut-il censurer ceux qui soutiennent qu’un homme ne sera jamais une femme? | jdm,gender,8357
"« droits des femmes » par ci, « droits des femmes » par là… bla-bla-bla. j’en ai ma claque des droits des femmes. il n’y a pas de droits sans devoirs. quand est-ce qu’on va enfin se mettre à parler des devoirs des femmes ? bégaiements.",gender,8365
elle est quand même bizarre la gay pride cette année.,gender,8374
"mon édito d'hier soir sur la persécution politique des féministes ""de droite"".",gender,8402
"anne-cecile mailfert, présidente de la fondation des femmes : les femmes qui votent à droite ""préfèrent les violences qui leurs sont familières au risque de celles qui leurs sont étrangères""",gender,8422
"pr. rené frydman, gynécologue et pionnier du 1er ""bébé éprouvette"" : ""je suis contre la gpa, qui est toujours une commercialisation du corps d'une femme."" a l'heure où certains aimeraient relancer le débat, posons de vrais interdits : la gpa c'est non !",gender,8446
révolution woke à cannes : le prix d'interprétation féminine récompense un transgenre ! - par anna morel festivaldecannes karlasofiagascon le groupe rn de la région ile-de-france avait tenté d'annuler les subventions accordées à ce long-métrage.,gender,8452
un peu d’humour dans ce monde de planqués…,gender,8488
"prudente, sandrine rousseau conseille à valérie hayer de faire des selfies avec les fafs seulement 364 jours par an",gender,8494
"mathilde panot restera dans l’histoire auprès des grandes figures féminines qui ont sauvé notre pays : - geneviève a étendu les mains et a fait reculer attila et les huns. - la reine mathilde, d’une main agile, a tissé la tapisserie de bayeux. - jeanne d’arc nous a sauvés des",gender,8500
la vie des mamans solo ce soir 23h10 sur,gender,8540
"quelle réaction de bonne femme ! (je dis ça pour éviter ""l'outrage sexiste"")",gender,8578
transmania sur le daily wire,gender,8581
"faut-il s'attendre au même bordel que devant science po mais cette fois ci devant assas, version trans-queer-néoféministe? omg, i can't wait!",gender,8587
"ludo sur objectif gard : ""etre homme ou femme, c'est être différent l'un de l'autre. cette différence est une richesse extraordinaire qui apporte une complémentarité et qui permet de donner la vie.""",gender,8607
":television:[ lsf sur ] comment peut on parler de lutter contre les violences faites aux femmes, et quelques minutes plus tard, promouvoir une pratique qui les exploite et les invisibilise ? gpa",gender,8621
"elire un homme comme plus belle femme, fallait oser ! l'idéologie, ça ose tout... la scandaleuse idéologie trans gagnante du concours. les femmes grandes perdantes, toujours plus invisibilisées.",gender,8721
"donc maintenant être un homme qui se respecte c’est être misogyne :face_with_tears_of_joy: cette vidéo illustre simplement ce que je dis depuis le début : le bodycount n’est pas un critère pour juger qu’un homme est de valeur, tandis qu’il en est un pour les femmes.",gender,8730
"""entrer ainsi dans le jeu masculin ne sert qu’à diviser les femmes entre elles et par là même à les inféoder davantage à la mâle férule...""",gender,8832
"y a un truc que je pige pas on dit que mariage pour tous, pma, gpa… doivent être légalisés car l’essentiel c’est l’amour. bien. alors pourquoi ne pas légaliser la polygamie ou, de manière plus générale, les trouples, qui, eux aussi, disent que l’essentiel c’est l’amour ?",gender,8847
"une femme ne souhaite pas que son homme désire d’autres femmes, mais une femme veut être en couple avec un homme que les autres femmes désirent.",gender,8852
"""allez, sors de là !"" le garçon s'échappe du manteau de son père dans un éclat de rire général. deux paires de jambes pour un seul homme, il y avait en effet quelque chose de bancal. de l'autre côté de la rue, un monsieur en tenue de ville court avec son chien, baguette et",gender,8887
vous ne croyez pas que votre fils est trans? on vous enverra peut-être en prison | jdm,gender,8942
"si vous souhaitez être désirable à ses yeux, montrez-lui que vous n'avez pas besoin d'elle pour être heureux.",gender,8949
"notre conception de l'homme n'est pas celle d'un homme interchangeable, « déménageable » en fonction des besoins économiques, mais celle d'un homme qui s’inscrit dans une somme de filiations et de fidélités qu’on appelle sa culture et son histoire. egi vivementle9juin",gender,8951
":sports_medal:d'après vous, les blagues les plus drôles sont les blagues:",gender,8980
"""ouais c'est sympa mais vous trouvez quand même pas qu'il y a une drôle d'odeur ?""",gender,8983
ia: les hommes sont-ils en passe de devenir… obsolètes?,gender,9030
"nord. une candidate ""féministe"" se présente au nom des valeurs du ""front populaire"" contre a. quatennens (màj. il renonce à sa candidature)",gender,9072
"la ""dépsychiatrisation"" est une de leurs revendications. quelque chose me dit que ça va prendre un peu de temps. transmania",gender,9077
"""ils n'existent qu'en fonction du groupe, et ça c'est très grave."" quand c'est alexandra, personne intersexe, qui remet la communauté transgenriste à sa place. l'entretien complet ici :right_arrow:",gender,9141
"merci à pour le coup de pub pour le livre et de faire la porte parole :parrot: du service public et de l’arcom … sur un ton de menace. :face_screaming_in_fear: sorry enora, mais le vrai féminisme c’est nous et les milliers de femmes avec nous ! ( dit avec la même panache que ce cher…",gender,9153
les hommes dont elle se plaint sont ceux-là même qui correspondent à ce qu'elle désire au fond d'elle-même.,gender,9177
":red_circle: législatives : adrien quatennens appelle les « féministes » à soutenir sa candidature, les critiques fusent :right_arrow_curving_down:",gender,9246
"on ne demande jamais à une femme son… c’est la question qui scandalise les féministes. :anger_symbol: mais s’ils ne se la posent pas, les hommes risquent gros :game_die: quelle est cette question et pourquoi la poser ? réponse dans ma dernière vidéo :right_arrow_curving_down:",gender,9309
"le dicastère pour la doctrine de la foi a publié le 8 avril dignitas infinita, un document qui liste les « violations graves à la dignité humaine », comme la gpa ou le changement de sexe, en rappelant la position de l'eglise sur ces phénomènes récents.",gender,9363
la tromperie masculine est évidemment dommageable et immorale mais elle reste toujours moins grave que la tromperie féminine.,gender,9398
"en cette journée si particulière qui célèbre les droits des femmes dans le monde entier, j'ai souhaité rendre hommage à toutes les femmes en offrant une rose aux agents de la collectivité et aux femmes présentes sur notre marché hebdomadaire. journeedesdroitsdesfemmes",gender,9421
l’association sos homophobie menace de porter plainte contre toute femme qui dit qu’une femme trans est un homme. cette asso reçoit des subventions publiques et les utilisent donc pour menacer des femmes qui décrivent de façon factuelle la réalité biologique. ça suffit de…,gender,9423
"quels sont les avantages qu’un homme peut-il tirer du mariage à notre époque, qu'il ne pourrait pas obtenir en dehors du mariage par rapport à un simple concubinage ? vraie question.",gender,9456
"législatives : andy kerbra, député lfi sortant, annonce que le programme du front populaire intégrera le changement de sexe à l'état civil, sur simple déclaration en mairie, et sans avis médical",gender,9457
nostalgie douce en ce jour de fête des mères :folded_hands:,gender,9464
la journaliste des invente des citations qui ne figurent absolument pas dans notre livre. toujours très créatif les mauvais journalistes! plus malhonnête tu meurs. cette phrase ne figure pas dans transmania : “les hommes trans sont des lesbiennes qui…,gender,9469
"communiqué &gt; a l’occasion de la journeeinternationaledesdroitsdesfemmes, le syndicat de la famille célèbre la femme et affiche le slogan : « on naît femme… et on le devient », détournant avec humour la célèbre formule de simone de beauvoir. 8mars2024",gender,9541
":red_heart:ce samedi 11 mai, j’emmène 200 parents solo à ⁦⁩ merci à ⁦⁩ pour sa fidélité! les enfants sont déjà si heureux:party_popper: :red_heart:ce dimanche 12 mai rdv à 23h10 sur ⁦⁩ mon documentaire sur les parents solo avec le réalisateur françois barré",gender,9546
"hé oui , c’est bien connu ! les femmes n’ont jamais été aussi attirantes et fiables que depuis que leur bodycount a explosé ! toutes ces théories « masculinistes » sont vraiment déconnectées de toute réalité sociologique…",gender,9575
"'il est inconscient et égoïste d'accepter la pma pour les personnes transgenres à grande échelle sans mener en amont des études sérieuses sur les enfants nés d'hommes trans."" il est urgent de s'inquiéter de l'intérêt supérieur de l'enfant.",gender,9617
la candidate frontpopulaire- lfi amal bentounsi aurait déclaré : «on ne peut pas reprocher à un croyant d'être homophobe si sa religion le lui commande.» quelle honte ! :face_vomiting::face_vomiting:homophobie,gender,9658