Document,Topic,Pos dataset 10K (starting from 0)
"la gpa est le summum du business de la procréation, car c’est la vente et l’achat d’un enfant. c’est un trafic d’êtres humains. les enfants ne doivent faire l’objet d’aucun trafic. la femme n’est pas un moyen de production.",61,53
"une femme ne vous aime jamais pour “qui vous êtes”. elle vous aime pour le statut que vous lui apportez, le style de vie que vous lui offrez, le divertissement que vous lui procurez.",5,62
:check_mark_button: enfin une loi qui va dans le bon sens ! elle contribuera à protéger les enfants et les familles de l'étalage de leur vie privée sur les réseaux sociaux. merci au député bruno studer d'aider les enfants à grandir en paix.,11,96
"sur la polémique autour de la gpa lancée par , ludo rappelle sur que cette pratique consiste à ""louer une femme, l'utiliser comme incubatrice, pour qu'elle produise un enfant au profit d'un tiers. c'est une exploitation de la femme.""",61,121
voici les cadeaux pour ces enfants qui ne partent jamais en vacances. je les accueille à aujourd’hui. 200 familles monoparentales .:red_heart::zany_face::red_heart:,91,134
"en fait quant t’es un homme, il faudrait que tu fasses signer un contrat à ta partenaire à chaque fois que tu veux coucher avec elle parce qu’entre deux rounds elle peut changer d’avis et t’accuser de viol. ridicule et totalement insupportable.",5,146
"conseillère municipale de vitry, elle appelle au meurtre d’autres femmes.",5,175
"la pensée totalitaire, qui fait passer des mensonges pour des vérités, a de plus en plus d’alliés complaisants. les médias ""progressistes"", enrôlés par la propagande lgbt+, sont de ceux-ci quand ils cautionnent la fiction de l'homme enceint.",89,183
":green_circle: bizarrement, sandrinerousseau est beaucoup moins féministe lorsqu’il s’agit de dénoncer le viol de cherbourg ou lorsqu’elle siège dans le même intergroupe qu’un député condamné pour violences conjugales… :clown_face: endométriose directan",5,252
"elle doit toujours craindre de perdre un homme de qualité, peu importe la valeur que vous ayez réellement. c’est la clé d’un couple qui dure.",5,257
"européennes2024 &gt; l’union européenne, signataire de la convention d’istanbul, s’est engagée à lutter contre les violences faites aux femmes. proposition n°13 relative à la gpa :backhand_index_pointing_down::link:",5,286
":red_circle: se mettent en ordre de bataille pour perdre aux européennes2024 ! toute compromission avec la gpa, pratique injuste pour les enfants et qui consiste à exploiter les femmes, sera sanctionnée. cc",61,331
"la fête des grands-mères est une occasion de rendre hommage à nos bonnes-mamans chéries, piliers de foi.",91,353
"celui des deux qui est le plus détaché dans la relation, c’est celui qui détient le plus de pouvoir. ayez toujours moins besoin d’elle qu’elle n’a besoin de vous.",5,417
"en 2024, selon « le coin des lgbt » une lesbienne c’est ça. alors on pourrait en rire, sauf que ce compte est si influent que qui est ministre chargée de l'egalité entre les femmes et les hommes… a exprimé dans un tweet adressé à ce compte son souhait de «…",25,427
":red_circle: « on a cherché à adapter, à plier le corps de la femme aux conditions du marché et de l’économie, alors qu’il aurait fallu faire l’inverse » revient sur la façon dont les féministes ont réussi à asservir les femmes au salariat. :movie_camera:",5,430
"le front populaire a remplacé la candidature de quatennens, auteur de violences conjugales, par amy bah, qui cautionne un appel à tuer les « transphobes ». la haine mais avec le sourire et des paillettes :sparkles: :transgender_flag:",25,440
cette extrême-gauche auto-proclamée féministe pour laquelle la polygamie n’est pas un problème…,5,443
"""la violence faite aux femmes"", dénoncent-elles. sauf là....soutien à , et honte aux féministes silencieuses.",5,495
"une femme veut être désirée par un homme, mais pas indispensable à ses yeux. les hommes qui dépendent affectivement des femmes sont repoussants et ennuyants.",5,544
"eh bien, il est pas maqué, lui :grinning_face_with_big_eyes: ou elle, je ne sais pas. je suppose qu'il/elle imagine qu'on peut aussi faire ça avec les enfants, par exemple, ne les voir qu'un jour sur deux, parce que c'est vrai qu'ils sont chiants, hein. postmodern",11,565
"en général, celles qui s’insurgent en disant que « toutes les femmes ne sont pas comme ça » se sentent précisément concernées par le propos en question.",5,574
":netherlands: lale gül, libre, vraiment ? son premier livre avait défrayé la chronique aux pays-bas. depuis, la jeune femme se sent menacée",118,578
"vincent de la morandière, avocat : «le planning familial n’est pas qu’un organe d’aide, c'est aussi un organe d’influence politique », dans midinews",11,581
"a l'occasion de la journée internationale des droits des femmes le 8 mars, le syndicat de la famille a décidé de mettre des femmes d'exception à l'honneur. pour réaffirmer une évidence qu'il est utile de rappeler : on naît femme... et on le devient !",5,604
":blue_circle: il faut en finir avec la culture de l’excuse : 72% des français sont favorables à la suppression des allocations familiales pour les parents de mineurs récidivistes. avec le , nous avions déjà déposé en août dernier une proposition de loi à ce sujet.",11,605
"si elle dit s’habiller « pour elle », traduisez qu’elle n’assume pas d’être une allumeuse tchoinflation",5,636
"en effet ça marche dans les comics et sur netflix mais dans la vraie vie ça peut devenir très dangereux pour ces femmes, leurs collègues, les requérants, etc.",5,647
il faut interdire les transitions de genre pour les mineurs ! onvousrépond,25,656
". : ""peut-être aussi parce que je suis une femme, je crois profondément aux médiations, à changer notre rapport au pouvoir, vers l'apaisement""",5,694
":alarm_clock: ce soir, à 19h45, nous vous révélons le visage d'un témoignage central de notre livre transmania. alexandra est née avec des chromosomes sexuels xxy. elle nous a parlé de ce trouble sans tabous, et de son ras-le-bol du transgenrisme. abonnez-vous :backhand_index_pointing_right:",25,700
"comment peut-on se vanter de la sorte de priver un bébé de maman ? révoltant, écœurant. rien ni personne ne peut remplacer la tendresse d'une maman. gpa",11,767
"en publiant un livre sur les dérives de l’idéologie transgenre, les féministes dora moutot et marguerite stern témoignent combien défendre le simple constat de la biologie est aujourd’hui transgressif.",25,807
"si elle ne pleure pas des semaines durant après que vous ayez rompu, si elle ne réduit pas sa vie sociale, et ne s’enferme pas chez elle pendant des jours, c’est que vous ne signifiez rien à ses yeux. votre absence ne change rien à sa vie.",5,825
"c'est assez amusant d'apprendre les émois de , elle qui fut une des premières à la fi à utiliser avec son équipe le dénigrement, les insultes, les allusions douteuses sur les réseaux sociaux. domaine dans lequel elle surclasse largement pierre mendès-france.",124,954
"et oui les transgenristes hurlent à la transphobie, sauf qu’au contraire, les gens qui lisent notre livre comprennent grâce à lui que la dysphorie est un véritable problème de santé.",25,961
"je m’interroge : comme la classe dirigeante n’entend ni protéger ni nous laisser protéger nos enfants, si l’alternative n’est pas de bloquer le pays en utilisant un droit de retrait professionnel. nous subventionnons le système (ue) qui fait venir les tueurs de nos enfants.",11,1038
christine kelly dans le jdd : “la france de l’espérance”,118,1052
livreblanc &gt; les recommandations de lsf pour l'abolition de la gpa : :keycap_5: réaffirmer la souveraineté nationale de chaque etat en matière d’interdiction de la gpa qui est une atteinte aux droits de l'enfant et une violence faite aux femmes.,61,1129
"« une terf, une balle » : marguerite stern et dora moutot (transmania) menacées de mort - par transmania les deux jeunes femmes peuvent compter sur le soutien de j. k. rowling, l'auteur de la saga harry potter.",25,1202
"la gpa et le commerce des gamètes constituent une exploitation reproductive des femmes, des hommes et des enfants, comme le démontre le livre blanc que nous sommes venus présenter à genève à l'occasion de la 53e session du comité des droits de l'homme. nous appelons l' à",61,1245
":studio_microphone:""personne ne s’est intéressé au fond du travail des femmes élues, on est en droit de faire le bilan des femmes en politique."" :books: la journaliste de cnews christine kelly publie ""femmes en politique : premier bilan"" - entretien avec :right_arrow_curving_down:",5,1267
"livreblanc &gt; les recommandations de lsf pour l'abolition de la gpa : :keycap_4: stopper toutes les prétendues tentatives d’encadrement international de la gpa qui, en fait, seraient une reconnaissance détournée de la gpa : la :france: doit dénoncer les travaux de la conférence de la haye.",61,1290
jeudi volant sur 12/14h. série noire chez boeing aviation : michel polacco explique. france de plus en plus orange mécanique ? décrit.les nombreux tanguy pourront-ils célébrer la fête des mères? et le remède de daniel schiffer contre le woke: le rock!,91,1323
"communiqué &gt; a l’occasion de la 30e journée internationale des familles, lsf appelle au rétablissement du ministère de la famille disparu en 2017, à un plan dédié aux mères de famille et à un plan grands-parents. des mesures incontournables et urgentes.",11,1397
"de l'importance du père &gt; ""dans ces quartiers, les parents sont des mères. des mères seules. bien plus qu'ailleurs. (...) la part de familles monoparentales est de 24,1% dans les quartiers prioritaires de la ville contre 15,7% hors qpv.""",11,1426
":newspaper: ""sauver les couples, un enjeu de société. "" acteurs publics et privés se mobilisent pour la prévention des ruptures familiales dont on sait les effets néfastes sur les adultes et les enfants, et la société tout entière. vive l'amour durable !",11,1445
"durant de longues années, jean (décédé début juin) et lucette alingrin ont adopté et accueilli dans leur maison du maine-et-loire des enfants trisomiques délaissés. leur œuvre d’adoption se poursuit aujourd’hui. rencontre.",11,1457
"on a le droit de dire que les gonzesses racontent des trucs inintéressants seulement si on est de gauche, sinon c’est du sexisme.",25,1511
"à tous mes followers à gauche ou au centre du monde féministe qui viennent se plaindre et communiquer leur déception quant à mes interactions avec la droite, voici ce que j'ai à vous dire : ( pour me suivre sur instagram :",5,1546
pour rire un peu,124,1565
la gaypride ce n’est plus seulement l’arrogance gay c’est aussi l’arrogance trans. avec l’argent public des associations subventionnées,89,1615
"la théorie du genre et le wokisme gangrènent nos universités et les cerveaux des jeunes. a force de banaliser les changements de sexe et la ""non-binarité"", y compris dans des sujets d'examens universitaires, c'est toute une société qui sera construite sur le sable.",25,1623
"la pratique de la gpa est illégale, interdite en france. et le parlement européen parle majoritairement de traite d’êtres humains. les ministres macronistes qui veulent imposer la gpa sont hors la loi. ils devraient démissionner. leur méprisante et insultante réaction est la",61,1625
"cher gouvernement , cher . je vous invite à réfléchir à ce que signifie « être soi » dans le cadre du transgenrisme. dans le transgenrisme, ce qu’on fuit, c’est justement être soi, pour devenir ce quelqu’un d’autre, cet alter ego fantasmé, que l’on ne…",25,1630
"ces hommes réduisent violemment deux jeunes femmes au silence, mais ils sont de gauche, donc ça va. la ""justice sociale"" est un totem d'immunité.",5,1692
pourquoi est-ce qu’un homme devrait remplir le rôle traditionnel de payer l’addition si la femme ne remplit pas le rôle traditionnel de faire la cuisine et le ménage ?,5,1696
"si je dis que les hommes sont tendanciellement plus violents que les femmes, ça ne choque personne. mais si je dis par exemple que les femmes sont tendanciellement plus manipulatrices : « comment oses-tu dénigrer les femmes ! » :face_with_symbols_on_mouth::face_screaming_in_fear: serions-nous exemptes de tout défaut ?",5,1705
"""la gpa ne peut pas être encadrée pour une raison simple : on n’encadre pas l’inacceptable, on le combat."" déclaration complète du syndicat de la famille suite aux déclarations de .",61,1706
quelle belle tradition que celle de la fête des pères. n’en déplaise aux partisans du parent 1 ou 2 la paternité est irremplaçable.,11,1711
"""après l'appel à la responsabilité des parents dans le contexte des émeutes, ludovine de la rochère salue le retour d'un ministère pour les familles, confié à "" et esquisse l'urgent et vaste programme qui l'attend. remaniement",11,1732
"lors des manifestations du front populaire, il y avait des propos choquants envers les forces de l'ordre, envers les électeurs du rn, et des propos qui culpabilisent les gays qui pourraient voter le rassemblement national.",89,1739
"le transgenrisme est un danger :no_entry: avec , nous continuons à nous engager contre. demain, nous lançons une chaîne youtube pour diffuser des témoignages que vous n’entendrez jamais dans les médias mainstreams :collision: nous avons reçu certaines personnes dont les témoignages",25,1745
je suis devant pour regarder bistrot libertés mais plus encore pour soutenir et lâchement harcelées et prises à partie. beaucoup de choses me séparent de ces jeunes femmes auteurs mais il faut saluer le courage et la lucidité. merci !,5,1747
"dans la lignée de transmania :transgender_flag:( car on est du genre a pas lâcher l’affaire ), dans les jours qui viennent, et moi on va vous parler de notre nouveau projet ! on espère que ça va vous plaire et que ça fera du bruit ! :collision:",25,1779
"rarement vu autant de mépris dans une interview. cette femme se prend pourtant féministe mais pour elle, on hiérarchise la violence.",5,1790
"ludo : ""derrière les mots « aidants » et « proches », on trouve en réalité, dans l’immense majorité des cas, des pères, des mères, des enfants et des vieux parents. les « aidants » sont ainsi un nouveau mot pour parler de la famille.""",11,1837
pourquoi les femmes vivent plus longtemps :,5,1844
"« il n’y a pas de féminisme sans les femmes trans », dixit parlant de transmania. dites, madame malagré, avez-vous partagé cette brillante analyse avec des athlètes féminines qui perdent toutes leurs compétitions face à des femmes trans, c’est-à-dire des hommes…",25,1849
"elle n’est ni spéciale, ni unique. c’est votre affection pour elle qu’il l’a rendue ainsi à vos yeux, vos souvenirs, l’énergie que vous lui avez dédiée. quelle qualité avait-elle qu’aucune autre ne posséderait ? aucune. ne vous torturez pas à son égard. allez de l’avant.",5,1866
"y a un truc que je pige pas dans un entretien fleuve qu’il a accordé au magazine elle, macron veut créer un « devoir de visite père ». en gros, il veut obliger les pères à voir leurs enfants même après un divorce ou une séparation. « un enfant qui ne…",11,1899
"alors que le nouveau directeur de l'arcom doit prendre ses fonctions début juillet, des liens familiaux avec une association pro-migrants suscite des interrogations sur les potentielles décisions de l'autorité de régulation audiovisuelle",11,1940
"football : la ""lutte contre l'homophobie"" se complique ! - par sarah-louise guille football homophobie contrairement à la lutte contre le racisme, celle contre l’homophobie ne fait pas consensus dans le football...",89,1946
"le projet de l'ue est de dire : ""si vous êtes parents dans un pays, vous êtes parents dans tous les pays !"" le projet de certificat de parentalité date d’il y a un an... le but est de l’imposer à tous les pays qui refusent la gpa ou la pmasanspère.",61,1976
"non , la femme n'est pas une marionnette pas plus qu'elle n'est un objet de propagande.",5,1982
"les femmes asiatiques ont rattrapé (et désormais dépassé) l'homme blanc sur l'échelle des salaires (américaine, je suppose ?)",5,2014
"l'horreur de la gpa racontée par une de ses victimes. pour redire notre opposition ferme à cette pratique et empêcher l'europe de nous l'imposer, rendez-vous le 16 novembre à paris. :raised_fist:",61,2017
communiqué &gt; :european_union: la gpa a été définitivement reconnue comme une forme de traite humaine. c'est un 1er petit pas. mais les droits et la dignité des femmes et des enfants ne peuvent souffrir de la moindre ambiguïté. il faut aller plus loin : l'abolition !,61,2041
"donc une femme qui accouche ne serait plus qu'une ""personne ayant accouché"" et ne serait plus reconnue comme femme et comme mère ? régression de la société, invisibilisation des femmes et des mères, conséquences des délires de l'idéologie gender/trans.",5,2099
"si les hommes veulent s’amuser avec toi (et ne veulent pas s’engager), c’est que tu portes à cela, ou que tu ne vises pas ceux de ta catégorie. fâchez-vous comme vous voulez, ce n’est pas moi qui fixe les règles. :woman_shrugging_medium-light_skin_tone:",5,2140
"cette mère a reçu un appel de dieu à encourager les mamans sur les réseaux sociaux avec humour et profondeur. inspiré du compte, son livre vient de sortir.",11,2146
"il y a a un sujet qui est souvent négligé par les femmes, y compris au sein du féminisme : la misogynie de certains hommes homosexuels. des séries comme ""sex and the city"" ont fait croire à toute une génération de femmes que l'homme gay était toujours le meilleur allié des…",25,2181
"vous avez aimé notre livre transmania ? vous y avez découvert alexandra, une personne intersexe qui s'oppose à l'idéologie transgenre. elle inaugure notre nouvelle émission de témoignages ""contre discours sur les questions de genre"" sur la chaîne youtube de et…",25,2206
"l’offre de livres « queer-trans » est démentielle dans les librairies, comme le montre cette vidéo. mais par contre transmania qui offre une critique appronfondie de cette propagande est souvent introuvable…",25,2208
"philippe de villiers ne s'en prend pas à l'orientation sexuelle de gabriel attal. il s'en prend à l'inattaquable lobby lgbt. mais il est aujourd'hui tellement plus facile et jouissif d'interpréter une phrase plutôt que de la comprendre. montrez-leur la lune, ils regarderont le",89,2256
"regardez l'interview de alexandra, personne intersexe passionnante sur le youtube de notre nouvelle chaine",25,2300
":two_hearts: d'hier, d'aujourd'hui ou de demain, une maman restera toujours aussi merveilleuse que nécessaire. priver intentionnellement un enfant de sa maman est monstrueux. gpa",11,2323
"dans cette chronique, jeanne larghero investit les vertus cachées de l'attente dans la vie des parents. cette attente n'est pas une projection mais un abandon aux mains de la providence. les enfants ouvrent les portes du ciel par l'attente.",11,2340
"la triste réalité, c'est que les femmes d'aujourd'hui veulent des relations toxiques. elles aiment les hommes distants et froids. elles aiment les hommes qui ne font pas d'elles une priorité. elles aiment les hommes arrogants. la chevalerie, c'est fini.",5,2348
"les hommes vieillissent comme le bon vin, les femmes vieillissent comme le lait. les femmes ont beaucoup d'options jeunes, mais ces options diminuent avec le temps. :chart_decreasing: les hommes ont peu d'options jeunes, mais ces options augmentent avec le temps. :chart_increasing: je ne fais pas les règles.",5,2363
"je suggère à nos internationaux de football, donneurs de leçon politique, de suivre l’exemple de l’équipe du danemark et de faire cette fois un acte politique concret pour favoriser l’égalité homme-femme. mais, cela demanderait de faire un petit sacrifice. en sont-ils capables ?",89,2433
cette application a détruit toute une génération de femmes :,5,2477
femme moderne moyenne : - enchaîne les relations - se marie à 30 ans passé - a 1-2 enfants maximum - arrête de coucher avec son mari - prend du poids et se laisse aller. pas étonnant que les hommes se désintéressent du mariage de nos jours.,5,2480
les femmes sont programmées biologiquement à désirer des hommes qui leur sont supérieurs. et c’est une bonne chose.,5,2489
"« il est très important qu’il y ait cette rencontre entre hommes et femmes, parce qu’aujourd’hui, le pire danger est l’idéologie du gender qui annule les différences », a déclaré le pape françois.",5,2497
"le ""certificat européen de parentalité"" vise à faire reconnaître par tous les etats membres de l’ue la pmasanspère et la gpa : dès lors qu’ils sont reconnus dans un pays, ils devront l’être dans tous les autres. non à l'ingérence de l':european_union: en matière familiale et sociétale !",61,2507
"famille chrétienne lance son quatrième coaching en ligne, à destination des parents qui veulent donner une solide confiance en soi à leurs enfants, tout en évitant le piège de l'égocentrisme.",11,2513
"non , le féminisme, c'est pour défendre les droits des femmes = des femelles adultes humaines. une femme n’est ni un homme castré, ni un homme qui aime les jupes, ni un homme mal dans sa peau qui déteste la masculinité et son corps, ni un homme qui est excité à…",5,2536
bonne fêtedesmères à toutes les mamans de france !,91,2544
"si elle se permet de vous manquer gravement de respect, c’est qu’elle ne vous voit pas comme sa meilleure option. elle pense qu’elle peut se permettre de vous perdre. si elle dépasse les bornes : faites-lui regretter son comportement en partant sans vous retourner. :waving_hand_light_skin_tone:",5,2645
j’ai ri :face_with_tears_of_joy: il arrive parfois aux transgenristes d’être assez golri,124,2648
"les transgenristes disent qu’être une femme est un genre et un sentiment. selon cette logique, il faudrait aussi rebaptiser le sexisme « genrisme », et l’homosexualité « homogenréité ».",25,2672
les concours de beauté sont une cible de choix de l’idéologie woke. voici pourquoi,5,2677
le premier habitat partagé pour parents isolés,11,2702
"""dans ces temps de tromperies universelles dire la vérité devient un acte révolutionnaire."" (extrait de 1984 d'orwell, publié en 1949) visionnaire sur le monde d'aujourd'hui : oser dire une vérité universelle -un homme est un :male_sign:, une femme est une :female_sign:- devient héroïque.",5,2735
protection de l’enfance : nouvelle inquiétude sur les crèches,11,2801
"ludo : ""chers parlementaires, osez, bougez, agissez, écrivez enfin la véritable histoire d’un féminisme réel et concret, écrivez l’histoire d’une défense ardente des plus vulnérables, les enfants !"" gpa",5,2802
fête des mères aujourd'hui. n'oubliez pas ;) je nous connais les mecs. on oublie tout en dehors de la date de la finale de la coupe du monde tous les 4 ans.,91,2809
"en 1996, je prouvais à jack lang qu’importer le modèle américain de ""discrimination positive"" nous mènerait vers la tyrannie des minorités (sexuelles, ethniques, corporatistes…). la politique des quotas, sous-entendant que les femmes ne seraient pas capables par leur propre",5,2812
"un homme a davantage à offrir à une femme dans sa trentaine, une femme a davantage à offrir à un homme dans sa vingtaine.",5,2886
"faites-vous partie de ces hommes qui rêvent des femmes d’europe de l’est ? ces femmes qui seraient belles, traditionnelles, non-féministes et qui voudraient fonder des famille. :family_man_woman_girl_boy: opportunité de rêve ou piège pour naïfs ? mon avis en vidéo :right_arrow_curving_down:",5,2924
les ruptures détruisent les femmes. les ruptures construisent les hommes. maintenant vous comprenez pourquoi le passé affectif n’a pas la même importance chez les unes que chez les autres.,5,2945
in memoriam. comment te dire adieu. le premier 45 tour que j’ai offert à celle qui sera mon épouse. « tous les garçons et les filles de mon âge ».,91,2955
"« des femmes qui m’ont touchée? rachida dati, carole delga, marion maréchal.. » femmesenpolitique",5,2977
"réduire le congé parental de 3 ans à 6 mois, alors que les crèches sont en grande difficulté pour recruter… voilà l'idée brillante d' qui affectera la vie des familles, les finances publiques, la natalité, etc. il a tout faux.",11,2979
"découvrir « clair de femme », de romain gary",118,2995
"avis définitif : la gpa, c'est un outil du capitalisme de la gestation : c’est l’exploitation des corps des femmes, la marchandisation de la reproduction, le renforcement des inégalités, le contrôle des corps de femmes marginalisées ou esclaves et donc la perpétuation des",61,3049
"transmania, un homme addict au porno sissy qui a transitionné en ""femme"" explique: ""quand l'hypnose sissy prend le pas sur ta vie, que tu prends des hormones féminines depuis 6 mois et que tu te sens de moins en moins ton ancien toi et de plus en plus n'être rien de plus qu'une…",25,3076
le pic d’attractivité des femmes est à 20 ans le pic d’attractivité des hommes est à 30 ans.,5,3084
"l’historien yves chiron publie ""les dix conclaves qui ont marqué l’histoire"" (perrin). où l’on voit que l’histoire de l’eglise n’est pas un long fleuve tranquille… entretien.",118,3109
":raised_fist: mobilisation le jeudi 16 novembre à 19h à paris contre le projet de ""certificat européen de parentalité"" qui est une tentative déguisée pour contraindre les états membres à reconnaître les gpa pratiquées à l’étranger.",61,3120
"la théologienne marion muller-colard publie la vie funambule. portrait d’une femme de lettres inclassable, rencontrée dans la maison d’édition qu’elle dirige, à genève.",118,3125
"peut-être que justement les hommes ne veulent pas de femmes « cools, fortes et indépendantes ». un homme veut rassurer, protéger et se sentir utile. soit tout ce que ne permettent pas les femmes modernes.",5,3134
"elles ne l'exprimeront probablement jamais, car cela leur échappe souvent, mais les femmes tendent à rechercher un homme qui les cadre et les canalise. soyez cet homme-là, et elle vous respectera et vous chérira toute votre vie.",5,3210
"ils ne comprennent décidément rien aux préoccupations des familles ! en proposant un congé parental raccourci, sans ouverture de nouveaux modes de garde, ils privent les parents de la liberté de choisir et les bébés de la présence plus longue de leurs parents à leurs côtés.",11,3221
merci à vous ! hâte que les choses bougent en france et que les femmes ne puissent plus se faire menacer de mort et insulter à tout va car elles défendent la réalité biologique.,5,3226
louiz est tout simplement un homme aux goûts très féminins qui se sent si mal à l’aise dans les stéréotypes masculins que la société a tendance à imposer qu’il préfère dire qu’il est une femme pour obtenir acceptation et validation. il n’est pas une femme et ne le sera jamais…,5,3281
c’est fou cette tendance des femmes modernes à toujours tout ramener à soi et vouloir systématiquement être le centre d’attention de tous les sujets… même quand ça n'a aucun rapport.,5,3328
attention : les féministes accréditées ne vont pas s'emparer de cette information.,5,3349
"c'est le ""totalitarisme d'atmosphère"" selon foot homophobie",89,3351
la bague et la cérémonie de mariage comptent davantage aux yeux des femmes modernes que l’homme qu’elles épousent.,5,3501
"elle ne répond pas à tes messages ? va en dm une autre. elle n’est ni spéciale ni unique. ne gaspille pas inutilement de l’énergie. ton temps est précieux. si elle ne l’a pas compris, elle ne le mérite pas.",5,3519
"si une femme vous crée des embrouilles et des disputes sans raison, c’est parce qu’elle s’ennuie avec vous et cherche à se distraire. ses ex petits-amis toxiques lui manquent.",5,3547
les trans maniaques en roue libre.,25,3609
"les femmes sont indécises par nature, c’est pourquoi ce sont les hommes qui doivent commander.",5,3631
ceux qui ne la connaissent pas devraient lire l’histoire de la vie de geneviève de galard …. une autre époque qui semble si lointaine .,118,3716
"défendre, c'est aussi proposer : une vision globale et des mesures inédites pour les parents, les enfants, l'éducation, le quotidien, la solidarité intergénérationnelle, la prévention des difficultés familiales... soutenez ces mesures : syndiquez-vous !",11,3721
":camera_with_flash: valérie enjambe ces piles de livres depuis 40 ans. ""impossible d'y mettre de l'ordre"", se résigne t-elle en feuilletant sa dernière acquisition, une édition originale des fables de la fontaine. la librairie chanut fut d'abord celle de ses parents. à l'époque, valérie",118,3731
"et masochiste avec ça. alors oui, on peut donner des leçons de féminisme à ce gouvernement, et pas seulement parce qu’il rabaisse sa candidate. surtout parce qu’il est incapable d’assurer le premier des droits des femmes : être en sécurité dans l’espace public.",5,3809
laissez les enfants tranquilles !,11,3822
"[temoignage] exclusif : une femme dans l’enfer calédonien - par nouvellecalédonie ""les insurgés continuent d’agir exactement comme avant le passage de monsieur macron : barrages filtrants, feux..,""",118,3842
une maladie évolutive et incurable a changé le rapport aux autres de cette mère de cinq enfants.,11,3894
"« ma belle-mère m’exaspère, et mon mari ne comprend pas… il ne m’apporte donc pas le soutien que j’attends de lui. parfois même, il prend le parti de sa mère contre moi ! » les conseils d'une thérapeute de couples et de familles.",11,3897
"josiane a le pouvoir de me faire rire, ce qui n'est pas évident sur ce réseau social.",124,3901
"ludo sur objectif gard : ""la pmasanspère légalisée en 2021 est une injustice pour les enfants. le rôle du législateur devrait être de défendre les droits des enfants...""",11,3910
":georgia: en géorgie, le parti au pouvoir a présenté une loi nommée « contre la propagande lgbt auprès des mineurs et pour la protection des valeurs familiales » : contre le mariage et l'adoption :rainbow_flag:, contre le changement de sexe, pour l'introduction d'un jour de la « sainteté de la",89,3912
"plus elle est masculine, plus elle recherche un homme qui soit plus viril et dominant qu’elle. les femmes cherchent toutes celui qui réussira à leur tenir tête.",5,3919
"contrôle de qualité, service après-vente, remplacement de produit défectueux : derrière les images glamour, la gpa c’est l’horreur de la marchandisation des enfants et le commerce des ventres des femmes. un progrès, vraiment ?? gpa",61,3961
"transmania : sujet interdit. par la voix d'énora malagré, le service public (nos impôts) s'aligne à son tour sur le transactivisme de censure, et en appelle à l'arcom... francetv n'admet pas qu'on dise qu'une femme est une femme, et que peut-être les bloqueurs de puberté ne sont",25,3962
":police_car_light: brigitte macron brings forward of the hearing in her case against natacha rey ( via ) brigitte macron’s and her brother jean-michel trogneux’s libel trial against natacha rey, the woman who claims that the first lady is a man, was due to take place in…",118,4016
quand on ose dire qu’être une femme est une réalité biologique en 2024 et que c’est peut-être pas une bonne idée de castrer chimiquement des mômes :,5,4079
je suis partagé entre un rire nerveux et un profond soupir.,124,4148
je souhaite que l'on mette fin à l'excuse de minorité et que l'on généralise les centres éducatifs fermés pour mineurs délinquants. il faut aussi responsabiliser les parents des mineurs récidivistes en suspendant les allocations familiales.,11,4157
"nous portons plainte, car il est grand temps, que l'appel à brûler ou à tuer les femmes qui pensent qu'être une femme est une réalité biologique et non pas un ressenti soit enfin puni en france!",5,4172
"ludovine de la rochère : ""sur cette photo, la maman qui vient d'accoucher a disparu, elle est effacée, invisibilisée. ces tout petits bébés ont été arrachés à leur mère dès la naissance ; quand c'est volontaire, cela me révolte."" gpa",11,4228
"quand les gens me disent « faut porter plainte » à chacun de mes tweets, bah je suis d’accord, mais seulement si y’a un commissariat qui veut bien me donner un lit et un oreiller, car vu que je dois déposer plainte tous les matins vu les dingueries des transgenristes, autant…",25,4260
"pour rappel, la france insoumise est en faveur de l’inclusion d’athlètes hommes, qui se déclarent femmes, dans les compétitions sportives féminines. get a brain.",89,4277
"vous ne devriez jamais l'inviter au restaurant tant que vous n'êtes pas sûr que son intérêt pour vous est réel. si vous n'avez pas concrétisé, tenez-vous en au café.",5,4279
"les féministes, si elles étaient cohérentes et honnêtes, devraient être vent debout, dénoncer la dernière entourloupe du patriarcat qui pratique le womanface - surjouant les clichés sexistes -, et se rend coupable d’appropriation biologique : un prix réservé aux femmes leur a…",5,4324
[l'actu juridique‍:balance_scale:] une loi pour soutenir et protéger les familles d’enfants en situation de handicap. trisomie21 loi actujuridique,11,4396
"livreblanc &gt; les recommandations de lsf pour l'abolition de la gpa : :keycap_3: obtenir une condamnation unanime de toutes les formes de gestation pour autrui. rémunérée ou gratuite, l'exploitation d'une femme est toujours scandaleuse.",61,4440
la gestation pour autrui est formellement reconnue par le parlement européen comme une forme d'exploitation reproductive ! :clapping_hands: areyouoneofus surrogacy humantrafficking,61,4449
"ce n’est pas une déesse, ni une reine, ni une princesse. c’est un être humain comme toi, avec ses complexes. il y en a des millions comme elle. alors arrête d’être intimidé par les femmes et de les mettre sur un piédestal.",5,4452
"le 25 novembre, ce sera la journée internationale de lutte contre les violences faites aux femmes. quelle pire violence que celle de la gpa qui considère la femme comme un simple outil de reproduction que l’on peut louer, peu importent les conséquences physiques et psychiques ?",5,4482
"ce soir, conférence à assas. sous protection policière. oui, on en est là en france, en 2024. pour dire ce qu'on dit, pour rappeler qu'être une femme est une réalité biologique et non pas le ressenti d'un homme, ainsi que pour dénoncer les dérives de l'idéologie transgenre, on a…",25,4483
"le premier épisode de notre émission de témoignages ""contre discours sur les questions de genre"" vient de sortir sur notre chaine ! :speaking_head: alexandra est une personne dite intersexe qui s’oppose à l’idéologie transgenre à qui nous avons déjà donné la parole dans notre…",25,4499
"encourager le caractère doux de son enfant sans le pousser à être ""trop sage"", voilà la recommandation de cette chronique de parents.",11,4500
"quelle est la valeur de l’amitié pour un enfant ? comment l’aider à vivre en « bonne amitié » avec les autres et à dédramatiser les éventuelles déceptions ? entretien avec geneviève de taisne, psychanalyste.",11,4516
"les femmes vivent plus longtemps que les hommes, et la science semble enfin avoir trouvé pourquoi",5,4552
"dites rima hassan, vous en êtes où de votre combat pour les droits des lgbt à gaza ? êtes-vous en contact avec le ministère des minorités sexuelles du hamas pour parler pma et gpa ? a quand une délégation de lfistes à gaza pour parler mariage homosexuel ? votre…",89,4564
et qui pense à ces petits bébés privés des bras de leur maman ? quelle tragédie !,11,4571
"marseille le 15 juin, les habitants du 12eme arrondissement réveillés au son du muezzin pour la fête de l'aïd : bonne mère !",91,4587
motus et bouches cousues du et jeunes filles otages battues : « on va vous mettre enceintes » mépris et dégoût pour ces bouches d’égouts .,11,4589
mineurs transgenres : que sont les bloqueurs de puberté ?,25,4590
"le natalisme, l'idéologie qui monte, qui monte, en occident ! enfin :baby::baby::baby:",11,4641
"si vous ne vous voyez pas vous-même comme sa meilleure option, comment le pourrait-elle ? la condition sine qua none à la fidélité d'une femme, c'est sa certitude absolue que vous êtes irremplaçable. devenez cet homme-là et agissez comme lui.",5,4643
"avec le , défendez les droits de l'enfant, notamment celui ""dans la mesure du possible, de connaître son père et sa mère et d'être élevé par eux"" (cide, art. 6). merci d'avance de votre don sur",11,4658
ça vire à la blague.,124,4696
"après l'enseignante, voici l'avocate. en écosse, dire que ces personnes ne sont pas des femmes pourra désormais être considéré comme un ""crime haineux"". voilà pourquoi il faut lire transmania",25,4698
à mourir de rire !,124,4701
"marie cau, maire transgenre, me traite de nazi, car je dis qu’il existe 2 sexes et qu’une femme est une femelle adulte humaine, ce qu’il ne sera jamais. cet homme m’a attaqué en justice pour « appel à la haine » avec des assos lgbt car j’ai dit qu’il est un homme transféminin, et…",25,4708
"la gpa est un contrat en vue de la conception, de la gestation, de l’abandon et de la remise d’un enfant par une femme à des commanditaires. c'est un véritable trafic d'êtres humains qu'il faut condamner fermement et interdire. :raised_fist: mobilisons-nous tous jeudi 16 novembre à paris",61,4715
":red_circle: appelle à un engagement international pour interdire la gpa. ""le respect de la vie, de chaque vie humaine, à commencer par celle de l'enfant à naître dans le ventre de la mère, ne peut être supprimé ou devenir objet de commercialisation.""",61,4752
29 % des enfants vivant dans des familles monoparentales se trouvent sous le seuil de pauvreté. 550 professionnels de la relation conjugale en appellent à une politique publique pour accompagner les couples en crise et prévenir les ruptures familiales.,11,4766
"nous n’utilisons pas le mauvais genre, mais le bon sexe. la réalité biologique n’est pas une atteinte à la dignité de qui que ce soit. c’est la réalité, c’est tout, sur lequel vient s’appliquer chirurgies et prises d’hormones : technologies et artifices pour simulacres. il est…",5,4770
"plus que d'une ""journée internationale"", les femmes ont besoin d'une vraie réflexion, compréhension, prise en compte de qui elles sont. sans confusion avec les hommes, au contraire du militantisme woke. lsf vous invite à donner votre avis sur la femme :backhand_index_pointing_down:",5,4778
"si votre unique but dans la vie est de conquérir une femme, vous n’en séduirez aucune. développez de l’ambition et donnez vous les moyens de vos objectifs ou elle vous quittera pour un autre.",5,4785
"les femmes modernes exigent que l’homme leur paye tout et soit un pourvoyeur dans la relation. un retour à la tradition ? non. il doit juste entretenir le train de vie instagrammable de femmes au bodycount explosé, refaites de partout. la galanterie est un piège en 2024.",5,4790
"cher paul b. preciado, n'es-tu pas censé être devenu un homme ? si c'est le cas, le féminisme ne devrait plus être ton affaire. ne connais-tu pas l'adage du néoféminisme qui dit que les femmes ne prennent plus de leçons des ""vieux hommes blancs""? :rolling_on_the_floor_laughing: paul, tu admets donc ici…",5,4821
"offrez-lui une relation parfaitement sécurisée où tous ses désirs seront comblés, et elle vous trompera en retour. apprenez à maintenir un sage déséquilibre dans la relation.",5,4823
épouser un personnage d’animé serait-il devenu plus réaliste pour le japonais moyen que de se trouver une femme ?,5,4868
"n'écoutant que lui-même, veut réformer le congé parental et le raccourcir (de 3 années actuellement à 6 mois en 2025) contre l'avis-même des parents inquiets qui souhaitent s’arrêter plus longtemps pour s'occuper de leur enfant.",11,4896
faut voter pour qui si on veut protéger nos enfants?:sports_medal:,11,4921
"le pré requis pour être une femme trans c’est d’être un homme. le pré requis pour être un homme trans c’est d’être une femme. et le pré requis pour être sandrine rousseau, c’est d’être une suiveuse pas très futée qui est en train de dégoûter toutes les femmes à gauche qui ont…",25,4997
"si vous en êtes à devoir menacer du pire pour dissuader votre femme de vous quitter, je vous suggère la rubrique ""hommes-femmes mode d'emploi"" de ma bibliothèque de séminaires. d'urgence.",5,4999
"bonne fête des mères, mesdames !",91,5073
"en plein discours de politique générale, alors que le pays flambe, s'émeut de pouvoir affirmer son homosexualité à la tribune de l'assemblée nationale. le problème avec ces militants, c'est que leur idéologie dominera toujours leur intelligence. pendant que des",89,5102
"dès que les gens refusent le prosélytisme du gender, on les taxe d'""ultra-droite"", ""transphobes"", et maintenant ""drag-phobes"", dernier concept inventé par ! une méthode éculée, vue et revue qui tente en vain de museler ceux qui se soucient des enfants.",25,5108
"ne lui dites pas tout ce que vous faites. ne lui dites pas tout ce que vous pensez. ne lui dites pas tout ce que vous êtes. laissez-la en rêver pour vous, car l'imagination est le moteur de son désir.",5,5161
le « front populaire » réinvestit adrien quatennens malgré sa condamnation pour violences conjugales. c’est un jour de deuil pour les femmes attachées à leurs droits et à leurs libertés : il ne devrait y avoir aucune tolérance morale et politique pour ces comportements violents.,5,5168
"elle est drôle, cette dame.",124,5196
"la vision de la maternité idéale selon les féministes. ça fait rêver hein ? il n’a jamais été question d’égalité, mais de revanche contre l’homme.",5,5212
":red_heart: bonne fête papa :red_heart: votre père est unique. son amour, ses encouragements et son admiration sont irremplaçables pour vous, même s'il a bien sûr des défauts. grâce à lui, vous êtes ce que vous êtes ! sachons le dire, remercier et fêter notre père !",91,5274
"dear , acheter un enfant, le priver de sa mère toute sa vie, lui inventer une filiation, c'est inhumain. il n'y a pas d'amour à vouloir arracher un enfant des bras de sa mère : le bébé et elle ont tout partagé pendant 9 mois, là est la vraie relation d'amour. gpa",11,5287
"leur ex patron edwy plenel avait déjà montré toute son ""humanité"" en nous invitant à nous préoccuper de l'enfance des frères kouachi mediapart",11,5295
"la famille, c’est aussi bien le foyer qui réunit un couple ou des parents avec leurs enfants que le lien indéfectible qui les unit. en cette semainedelafamille, défendons la famille, soutenons son syndicat :backhand_index_pointing_down:",11,5363
"les droits des femmes sont plus forts que jamais, mais leurs résultats nous montrent que toutes les luttes ne sont pas forcément bonnes à mener. journeedesdroitsdesfemmes",5,5365
"""dans les discours autour de la gpa, on a l’impression qu’il s’agit d’une dette dont les femmes doivent s’acquitter. on parle de dons, et c’est toujours ce qui est attendu des femmes.""",5,5376
"en explorant la transition de genre en sens inverse, le regret des personnes trans d'avoir changé de genre et qui, finalement, ont voulu revenir à leur sexe d'origine, cette chronique interroge à la fois la transphobie et la dysphorie.",25,5409
"parfois, des gens me disent que je ne devrais pas me plaindre de la difficulté de ce que je vis car j'ai ""choisi ce combat contre le transgenrisme"" et j'ai envie de leur dire que non. non, je n'ai rien choisi du tout. c'est plutôt ce sujet qui m'a choisi. il y a eu plusieurs…",25,5445
vous dites vouloir travailler main dans la main avec les associations. rencontrons-nous ! nous avons beaucoup de propositions pour faciliter la vie des familles et reconstruire une politique familiale ambitieuse : :notebook_with_decorative_cover:,11,5484
"cher , expliquez-nous le lien entre sexualité et commerce de meubles ?! cet affichage idéologique n'a pour but que de faire le buzz. boycottikea",89,5525
"ludovine de la rochère : ""la dignité de la femme fait qu'on ne peut pas l'utiliser. la gpa est une aliénation de la femme et de l'enfant qui a conduit à un trafic international d'êtres humains, avec des flux dans le monde. ce marché représente 14 milliards de dollars.""",61,5535
"la confiance en soi se construit, elle prépare l’enfant à mieux encaisser échecs et brimades, relativiser ses peurs et avancer avec optimisme. quelques clés pour la favoriser.",11,5581
"de la natalité à la santé, de l’éducation à l’emploi, du mariage au logement, de l’attractivité des territoires à la justice, la famille est un maillon essentiel. vous êtes ministre des familles, nous sommes le syndicat de la famille, rencontrons-nous !",11,5601
"émouvante visite de la maison natale de jeanne d’arc à domrémy-la-pucelle. c’est ici, à l’été 1425, qu’elle entendit pour la première fois les voix qui la guidèrent jusqu’à orléans. 1mai2024",118,5708
"la réalité de ce que vous vivez, je la connais depuis longtemps. si la situation ne change pas, vous serez condamnés à voir vos enfants partir ailleurs, loin de leurs parents, de leurs grands-parents, de leurs aïeux. tout cela est insupportable et inadmissible !",11,5709
"la gpa, pratique hautement sexiste et obscurantiste, est une des plus grandes hontes de ce début de siècle. l'intégralité de l'intervention de ludo à helsinki :",61,5716
"les hommes aiment quand les femmes sont pures, les femmes aiment quand les hommes ont de l’expérience. le féminisme aura beau s’acharner, il ne changera jamais cette réalité biologique immuable.",5,5720
politique : quel bilan pour les femmes ?,5,5725
"l'abandon de bébé tarifé est une formidable avancée pour les femmes à barbe, les hommes à hommes, et tous ceux qui ont plus d'argent que de morale.",11,5742
"communiqué &gt; urgence d'un plan national pour les mères de famille ! la fête des mères nous rappelle la place unique des mamans pour leurs enfants, tout au long de leur vie. lsf réclame des mesures concrètes pour améliorer la condition maternelle :backhand_index_pointing_down:",11,5745
":dna::baby_light_skin_tone: avec l'équipe d'adn ( et ), nous nous sommes attaqués à un sujet essentiel : la baisse de la natalité en occident… et dans le monde entier ! :play_button: nous avons eu le plaisir d'accueillir qui a pu développer en",11,5792
"cacher ou brûler transmania est devenu, dans certains milieux militants et chez les adolescents, un badge de coolitude. ça fait bien de montrer à son entourage qu’on s’en prend à ce livre. après ça on est « validé ». je crois que beaucoup d’adultes d’un certain âge ne s’en…",25,5797
"""on ne peut pas reprocher à un croyant d'être homophobe si sa religion le lui commande"", affirme une candidate lfi/front populaire d'ile-de-france...ce n’est que le début ! :stop_sign: cette coalition de gamelards et de trotskards est le pire pour l’avenir du pays !",89,5809
"européennes2024 &gt; le principe de subsidiarité en matière de droit de la famille s’impose à l’union européenne du fait des traités établissant ses compétences et celles des états membres. dans les faits, cette répartition n’est pas toujours respectée. :link:",61,5815
"le tribunal arbitral du sport a tranché : non, une femme n'est pas un homme comme un autre. l'instance se félicite de sa décision : « une avancée majeure dans nos efforts pour protéger le sport féminin. »",5,5847
"ma maman a eu 9 enfants, elle n’a jamais reproché à mon père de ne pas l’aider à faire le ménage. cette femme a un enfant à charge. arrêtez de dire qu’elle est débordée, c’est faux. surtout : rien ne justifie ce manque de respect envers son mari.",11,5868
"vous voulez vraiment interdire la gpa, ? alors finis les salons et réunions organisés par les agences de gpa, finies les pub hébergées par ! faites respecter l’interdiction légale de la gpa en france, y compris sa promotion et la tentative d’entremise",61,5895
"la société moderne et féministe passe son temps à diffuser des mensonges mortifères sur la nature des femmes, et enferme ainsi des légions d’hommes dans le célibat. il est temps de détruire ces mensonges une bonne fois pour toutes :collision::right_arrow_curving_down:",5,5903
"si elle se plaint d'un autre homme auprès de vous, méfiez-vous. c'est sa manière de vous dire qu'il lui plait. vous êtes dans la friendzone.",5,5906
":open_book::magnifying_glass_tilted_left: depuis plusieurs années, des jeunes femmes s’organisent pour défendre des valeurs opposées aux revendications des féministes de gauche. cc",5,6029
"dans un sens, je me réjouis que de moins en moins de gens se marient. pourquoi ? parce que de moins en moins de femmes méritent d’être épousées. cela voudra donc dire que les hommes s’en sont rendu compte, et font très attention à ne pas s’engager avec la mauvaise partenaire.",5,6032
de rien. :heart_suit::baby::baby::baby:,11,6052
le déni est un mécanisme du cerveau qui permet aux individus de se protéger face à une réalité qui serait trop douloureuse pour eux. vous comprenez maintenant pourquoi les femmes modernes et les hommes féminisés sont aussi virulents envers mes propos.,5,6089
"en mémoire de dominique lunel, femme de combats",118,6093
et si nous apprenions à nos enfants à être humains pour de vrai ? des repères pour ouvrir leur cœur aux plus fragiles.,11,6094
"chère , si vous voulez ""aider véritablement les familles, proposer deux types de congé parental serait à l’avantage des parents, des enfants, et même des finances publiques."" communiqué congeparental",11,6124
"ivgdanslaconstitution / le vrai problème des femmes reste la liberté d'aller et venir, sans être violées par des oqtf. la chrétienté a inventé un monde où la femme peut circuler librement, un monde sans excision et crime d'honneur, où la femme vaut un homme, et pas sa moitié.",5,6164
"., pour faciliter l'exercice de l'autorité parentale. nous vous proposons 4 mesures à prendre d'urgence :",11,6193
"dans un rapport sur la transidentité, des sénateurs lr menés par la sénatrice du val-d'oise jacqueline eustache-brinio ont soulevé la prégnance de l'idéologie et de l'activisme trans dans les hautes sphères de l'état : tiens donc !",25,6206
je souhaite une excellente fête à toutes les mamans de france !,91,6213
"l’affaire madame : le livre censé débunker la rumeur sur brigitte macron n’y parvient pas la journaliste emmanuelle anizon a récemment publié un livre intitulé ""l'affaire madame"", dans lequel elle tente de démystifier les rumeurs qui entourent ""l'épouse""",118,6215
ne faites jamais en sorte qu’une femme moderne s’ennuie. c’est le moment où elle commencera à réfléchir à vous tromper.,5,6221
"la famille est largement méprisée de nos dirigeants depuis des années et ce premier lieu d'éducation est ignoré. si on veut traiter le problème des mineurs délinquants, qui n'ont aucune connaissance des limites, peut-être faut-il revaloriser le rôle des parents ?",11,6228
":television: kylian mbappé affirme qu'il n'a « pas envie de représenter un pays qui ne correspond pas à mes valeurs ». il a joué 6 ans au psg, club dirigé par des qataris, pays où l'homosexualité est illégale, où la préférence nationale s'applique et qui n'admet que 50 naturalisations/an.",89,6237
"les femmes ne veulent pas être soumises aux hommes, les femmes veulent se soumettre à l’homme qu’elles choisiront. cette nuance est fondamentale.",5,6294
"je remercie corinne maier, auteur du livre « no kid, quarante raisons de ne pas avoir d’enfant » de m’avoir félicitée pour mes 7 enfants. elle s’en voulait d’avoir pu blesser les mères de famille nombreuse par ses méchantes railleries. c’était important pour elle de faire amende…",11,6340
"correction à l'article. rowling n'est pas en guerre contre les personnes transgenres mais contre la version extrémiste de l'idéologie trans. ce n'est pas la même chose. pour le reste, nous vivons dans un monde néo-soviétique où le rappel des évidences biologiques et anatomiques…",25,6343
les familles monoparentales une bombe sociale à retardement.,11,6377
nouveaufrontpopulaire : « nous ferons le changement d'état civil des personnes transgenres sur simple déclaration ». mais qui veut ça en fait ?,25,6378
"marlène schiappa, tacle adrien quatennens qui dit compter sur les féministes : «lfi ce sont ceux qui parlent le plus des droits des femmes et qui en font le moins», 180minutesinfo",5,6393
obtenir l’autorisation d’instruire ses enfants à la maison est devenu un parcours du combattant depuis l’adoption de la loi séparatisme en 2021.,11,6394
retraite complémentaire agirc-arrco : voici le bonus temporaire dont vous pouvez bénéficier si vous avez un enfant à charge,11,6395
étrange que l’on entende si peu les féministes de gauche et leurs associations sur le sujet de ces adolescentes prostituées de force.,5,6429
"ayant embrassé le métier d’aesh (accompagnant d’élèves en situation de handicap), des femmes expliquent pourquoi elles l’ont choisi.",5,6513
fetesdesmeres : bonne fête à toutes les mamans ! :red_heart: lafuria furia tpmp,91,6541
"cher , voici ce qui se passe à deux pas de chez nous, en grèce. ne l'oublions pas, la gpa n'est rien d'autre qu'un sordide business sur la vie d'êtres humains. avis aux militants de l'esclavagisme et du trafic d'enfants...",61,6564
"la valeur d'une femme est liée à sa beauté et sa pureté. plus elle vieillit et plus elle enchaîne les partenaires, plus sa valeur décroît. pour résumer : une tchoin onlyfans ne vaut rien à 35 ans.",5,6607
"les filles qui se disent féministes, modernes et indépendantes, ça vous dérange pas trop d’exiger que les hommes soient galants avec vous ? en fait, pour vous, l’égalité s’arrête au moment où l’addition arrive :face_with_tears_of_joy:",5,6665
"c’est amusant, les filles qui me détestent se sentent en réalité souvent visées par mes propos :eyes: p.s : se prétendre ""de droite"" et soutenir rachida dati qui présente ses vœux au musée de l'immigration ?!",5,6680
très bonne fête à toutes les mamans de france ! :red_heart:,91,6689
"aucune intimidation judiciaire ne me fera taire. je resterai du côté de la vérité, du réel et du refus de l’effacement des femmes.",5,6721
"ce n'est pas une question de haine, on peut ne pas applaudir l'abandon de bébés. et moins encore ceux qui participent à en faire un commerce institutionnalisé. la ""demande"" et le ""besoin"" des uns ne justifie pas ce qu'on fait à ces enfants.",11,6767
souviens-toi qu'elle a sûrement déjà couché avec des hommes bien plus laids que toi. alors ne sois jamais intimidé par une jolie fille.,5,6774
"en france, près d'un homme sur 2 serait prêt à coucher avec un robot. :robot: utérus artificiels, sex dolls… la sex tech semble tout faire pour que les hommes n’aient plus besoin de vraies femmes. seraient-elles devenues… inutiles ? réponse en vidéo :right_arrow_curving_down:",5,6849
valérie hayer a-t-elle des enfants ?,11,6869
"on ne peut qu'être d'accord, mais c'est encore pire que ce que pense ce chroniqueur : la circulaire recommande que les élèves qui se sentent trans utilisent les vestiaires de l'autre sexe. nier et piétiner la si riche différence et complémentarité :male_sign:/:female_sign:, c'est non !",25,6890
comment savoir si c’est une fille bien ? les enfants sont à l’aise avec elle et elle est à l’aise avec les enfants.,11,6894
"les femmes modernes croient toujours au prince charmant. mais il n’a plus rien à voir avec celui des contes de fées. est-ce que vous faites partie des 0,3 % qui représentent leur homme idéal ? pourquoi les femmes sont devenues si capricieuses ? :right_arrow_curving_down:",5,6941
"une femme peut penser que vous êtes un connard et pourtant être attirée par vous. une femme peut penser que vous êtes “l’homme parfait” pour elle, et pourtant vous friendzoner. ce qu’une femme pense de vous importe peu. ce qui compte, c’est ce qu’elle ressent avec vous.",5,6968
":family_woman_boy:ce matin à marmande afin d’échanger avec madame cornaggia, présidente de sos accueil mamans enfants. créée en 2018, cette association a pour objectif de soutenir les femmes victimes de violences conjugales ou intrafamiliales.",11,7095
"une femme de 27 ans s'identifiant à un homme donne naissance à un enfant. où est le scoop ? mais qui pense à l'enfant qui devra appeler sa mère ""papa"" ?",11,7113
il peut être compliqué de protéger les enfants face à l’information parfois anxiogène et les images en trop-plein. voici des clés pour instaurer un dialogue sain en famille face aux actus de toutes sortes.,11,7132
comment la macronie détruit le sport français avec l'homosexualisme les dirigeants de notre pays considèrent que les footballeurs doivent faire la promotion de l’homosexualité parce qu’il seraient essentiellement homophobes. égalité et réconciliation,89,7171
"s’entretenir très bien, mais autant de muscles sur une femme, c’est franchement hideux. vous n’arriverez jamais à me faire dire qu’un homme qui sortirait avec une femme aussi musclée ne serait pas à minima bi-curieux.",5,7172
"témoignage d'une mère porteuse : ""pendant 9 mois je porte cet enfant qui est le mien. pendant 9 mois nous allons tisser des liens merveilleux. mais il sera finalement livré à ses commanditaires. je suis une femme aliénée, une femme qu’on ne veut pas voir, invisibilisée."" gpa",11,7190
":woman_light_skin_tone::red_heart: elles sont sur tous les fronts, elles sont merveilleuses de patience et de courage, elles assurent le présent en préparant l’avenir, elles méritent le respect et l’admiration de la nation. bonne fête à toutes les mères de france ! fêtedesmères",91,7215
":owl: l' vous invite à vous rendre aujourd'hui au colloque consacré à la figure altière d'henri vincenot. imaginé par un stagiaire de la promotion wagner, cette journée organisée par est un événement salutaire pour rendre hommage à ce chantre de la…",91,7244
"cette chronique se penche avec tendresse et admiration sur le métier de parents, et particulièrement l'amour gratuit et désintéressé des parents d'enfants handicapés.",11,7248
notre livre n'est pas transphobe : en aucun cas il ne prône la haine de l'autre et des personnes trans. c'est une enquête sourcée notamment sur les bloqueurs de puberté et sur certains acteurs qui poussent les transitions de genre et en font des profits.,25,7262
"les femmes modernes gâchent leur vingtaine en enchaînant les coups d’un soir et les cuites en boîte de nuit, et s’étonnent ensuite quand l’homme de valeur dont elles sont amoureuses ne les voit que comme des objets sexuels et refuse de s’engager. on obtient ce que l’on mérite.",5,7300
"des femmes en garde à vue pour avoir déployé une banderole. quoiqu'on pense du message, c'est révoltant.",5,7330
que les riches puissent acheter les enfants des pauvres devrait choquer toute la gauche. la gpa est une substitution de maternité au moyen d’un contrat. cette abstraction juridique n’enlèvera jamais le fait naturel incompressible : chaque enfant a une mère. et la gpa lui vole.,61,7380
qui vous dit que c’est une femme ?,5,7389
"messieurs, si votre femme grossit énormément et refuse de se mettre au sport, la quittez-vous ?",5,7405
c’est toute la famille glücksmann qui gagne â être connue. on y trouve beaucoup de personnels de l’otan.,11,7415
"à quoi ressemble une famille heureuse ? dans son livre, une famille qui s'aime, gary chapman en dégage cinq caractéristiques, sans prétendre à la recette miracle. morceaux choisis.",11,7423
"plus elle a connu d’hommes, moins ses yeux brillent et s’émerveillent du monde. ils ont perdu leur étincelle.",5,7426
"retrouvez l'intégralité de l'intervention de ludo à helsinki pour le séminaire ""family is the future"": elle y a expliqué et dénoncé tout ce qui nous a amené à une telle déconstruction de la famille. l'intégrale est là :",11,7436
"les transgenristes-queers-féministes intersectionelles- gauchistes du wokistan- trucmuche chose- n’ont pas l’air d’avoir très bien saisi ma psychologie. ils pensent que plus ils vont hurler, me harceler, me menacer, me canceller, plus je risque de finir par me taire. c’est tout…",25,7451
"pour la porte-parole du , s'inquiéter de l'absence de mère relèverait donc de l'homophobie. quitte à justifier une pratique inhumaine où la mère est invisibilisée et l'enfant, objet d'un contrat ! où sont les féministes ?",5,7453
"rachida dati préfère les femmes à l'usine, payées au smic pour emballer du saumon toute la journée.",5,7502
"si les organes sexuels ne définissent pas le genre, en quoi les transexuels ont-ils besoin de se les mutiler pour s’affirmer dans leur nouvelle identité ? complètement malades.",25,7532
"la virginité féminine est un cadeau, la virginité masculine est un boulet. je ne fais pas les règles.",5,7575
"""selon bumble, 91 % des femmes préfèrent la nouvelle fonctionnalité où elles n’ont pas à faire le premier pas...""",5,7600
"si elle vous aime vraiment, elle :backhand_index_pointing_down_light_skin_tone: - mettra son instagram en privé - instaurera de la distance avec ses « amis » masculins - ne postera pas de photo en maillot de bain sur les réseaux sociaux. si vous avez besoin de lui demander pour qu’elle le fasse… partez ! :man_gesturing_no_light_skin_tone::cross_mark:",5,7649
"ces femmes vivent leur consécration au cœur du monde. longtemps mal comprise, leur vocation ressurgit comme un signe des temps.",5,7698
"voyez-la comme une fille banale. à contrario si vous la traitez comme spéciale et unique, elle se désintéressera de vous, car cela traduit que vous avez peu d'options. et quelle femme désirerait un homme que les autres femmes ne regardent pas ?",5,7705
"plus que gênante, cette femme est douloureuse à voir et à entendre. ils ne sont même plus capables de nous fabriquer des escrocs un brin talentueux et crédibles dans leur rôle.",5,7717
"conseil simple pour les femmes : s'il n'a aucun potentiel pour devenir le père de vos enfants, ne couchez pas avec lui. merci, au revoir.",11,7761
"cette journée du 8 mars nous rappelle que les droits des femmes que l’on croyait définitivement acquis sont chaque jour remis en cause. face à l’avancée du multiculturalisme qui attente à leurs libertés, nous devons réimposer partout et à tous nos valeurs de civilisation.",5,7832
ia: les hommes sont-ils en passe de devenir… obsolètes?,5,7925
"[l'invitée] « la sororité n'existe pas entre les femmes politiques » - par christinekelly dans son dernier livre, à travers 30 portraits, christine kelly se demande ce qui caractérise une femme politique.",5,7990
c’est une (mauvaise) plaisanterie ?,124,8030
"ce n'est qu'un début. ce livre frontal est un danger mortel pour l'idéologie transgenre, qui se défendra en conséquence, en premier lieu par l'intimidation, la censure et l'injure. soutenez et lisez transmania et passez le message",25,8101
"la gay pride de maspalomas a tourné à l'orgie dans les jardins publics, suscitant l'indignation des riverains et des parents qui ont amené leurs enfants pour les sensibiliser contre l'homophobie : alors que les associations lgbt sont censées combattre",89,8107
"une militante féministe choquée par la présence de scouts à la gare montparnasse - par arnaud florac pélerinagedechartres scouts montparnasse révulsez-vous devant la croix, mais n'oubliez pas de rompre le jeûne du ramadan. la gauche ne déçoit jamais...",5,8129
"témoignage rare &amp; poignant d’alexandra, une personne dite intersexe qui s’exprime sans tabous sur : :minus: son parcours de vie ; :minus: sa pathologie ; :minus: son anatomie ; :minus: la réalité de la vaginoplastie ; :minus: les assos trans qui délirent. l’avant-premiere ici :backhand_index_pointing_right:",25,8140
"let's go! dans la continuité de notre livre transmania, avec , nous lançons sur notre chaîne youtube femelliste, une émission de discours dissidents sur les questions de genre. nous avons donné la parole à une dizaine de personnes dont vous n'entendez jamais la…",25,8210
"on parle sans arrêt des droits des femmes, mais quand se mettra-t-on à parler de leurs devoirs ? journeedesdroitsdesfemmes",5,8211
caroline goldman au jdd : « je remarque beaucoup de déséquilibres chez les enfants »,11,8291
"s’enquérir du sort de la mère de ces enfants, c’est « dégueulasse » ? ce n’est pas plutôt invisibiliser cette femme, alors qu’elle les a portés et mis au monde, qui l’est ?",11,8328
le patriarcat d’autrefois se justifiait en partie pour des raisons de division du travail et en grande partie à cause de l’obligation pour les femmes de se mettre sous la protection d’hommes pour éviter la prédation… d’autres hommes. que les jeunes filles ne puissent plus «,5,8336
quel regard sur femmes politiques dans le monde? à suivre dans un instant 10h30 sur ⁦⁩ avec valérie tibet :party_popper:,5,8338
faut-il censurer ceux qui soutiennent qu’un homme ne sera jamais une femme? | jdm,5,8357
"« droits des femmes » par ci, « droits des femmes » par là… bla-bla-bla. j’en ai ma claque des droits des femmes. il n’y a pas de droits sans devoirs. quand est-ce qu’on va enfin se mettre à parler des devoirs des femmes ? bégaiements.",5,8365
elle est quand même bizarre la gay pride cette année.,89,8374
"mon édito d'hier soir sur la persécution politique des féministes ""de droite"".",5,8402
"anne-cecile mailfert, présidente de la fondation des femmes : les femmes qui votent à droite ""préfèrent les violences qui leurs sont familières au risque de celles qui leurs sont étrangères""",5,8422
"certes, il passe des tas d’idées dans la tête des enfants et des tas de rêves, en fonction d’expériences récentes ou de conversations entendues. elles s’évanouissent avec l’âge ou les études. mais en est-il de même pour l’éveil des vocations ?",11,8435
"pr. rené frydman, gynécologue et pionnier du 1er ""bébé éprouvette"" : ""je suis contre la gpa, qui est toujours une commercialisation du corps d'une femme."" a l'heure où certains aimeraient relancer le débat, posons de vrais interdits : la gpa c'est non !",61,8446
révolution woke à cannes : le prix d'interprétation féminine récompense un transgenre ! - par anna morel festivaldecannes karlasofiagascon le groupe rn de la région ile-de-france avait tenté d'annuler les subventions accordées à ce long-métrage.,25,8452
un peu d’humour dans ce monde de planqués…,124,8488
"mathilde panot restera dans l’histoire auprès des grandes figures féminines qui ont sauvé notre pays : - geneviève a étendu les mains et a fait reculer attila et les huns. - la reine mathilde, d’une main agile, a tissé la tapisserie de bayeux. - jeanne d’arc nous a sauvés des",118,8500
la vie des mamans solo ce soir 23h10 sur,91,8540
"quelle réaction de bonne femme ! (je dis ça pour éviter ""l'outrage sexiste"")",5,8578
"faut-il s'attendre au même bordel que devant science po mais cette fois ci devant assas, version trans-queer-néoféministe? omg, i can't wait!",25,8587
"ludo sur objectif gard : ""etre homme ou femme, c'est être différent l'un de l'autre. cette différence est une richesse extraordinaire qui apporte une complémentarité et qui permet de donner la vie.""",5,8607
":television:[ lsf sur ] comment peut on parler de lutter contre les violences faites aux femmes, et quelques minutes plus tard, promouvoir une pratique qui les exploite et les invisibilise ? gpa",5,8621
"sans aller sur le fond de la réflexion qui ne peut être que stupide, il est toujours consternant de constater que des hommes avec toutes leurs pièces attendent qu’on leur donne une émission de télévision ou de radio. en 2024. avec you tube et tous les canaux possibles. un bon…",5,8661
"elire un homme comme plus belle femme, fallait oser ! l'idéologie, ça ose tout... la scandaleuse idéologie trans gagnante du concours. les femmes grandes perdantes, toujours plus invisibilisées.",5,8721
":united_kingdom: ""nous définissons le sexe comme le sexe biologique"". le nhs (système de santé britannique) propose une définition du sexe qui est tout sauf anodine dans le contexte actuel des revendications de genre. c'est évident, mais cela va mieux en le disant !",25,8723
"donc maintenant être un homme qui se respecte c’est être misogyne :face_with_tears_of_joy: cette vidéo illustre simplement ce que je dis depuis le début : le bodycount n’est pas un critère pour juger qu’un homme est de valeur, tandis qu’il en est un pour les femmes.",5,8730
"""entrer ainsi dans le jeu masculin ne sert qu’à diviser les femmes entre elles et par là même à les inféoder davantage à la mâle férule...""",5,8832
"lors des jmj à lisbonne, , face à 1,5 million de jeunes du monde entier, a rappelé le rôle si précieux des parents et grands-parents qui donnent des racines et sont les maillons de la nécessaire transmission entre les générations. vive la famille !",11,8841
"une femme ne souhaite pas que son homme désire d’autres femmes, mais une femme veut être en couple avec un homme que les autres femmes désirent.",5,8852
"""allez, sors de là !"" le garçon s'échappe du manteau de son père dans un éclat de rire général. deux paires de jambes pour un seul homme, il y avait en effet quelque chose de bancal. de l'autre côté de la rue, un monsieur en tenue de ville court avec son chien, baguette et",124,8887
vous ne croyez pas que votre fils est trans? on vous enverra peut-être en prison | jdm,25,8942
"si vous souhaitez être désirable à ses yeux, montrez-lui que vous n'avez pas besoin d'elle pour être heureux.",5,8949
":sports_medal:d'après vous, les blagues les plus drôles sont les blagues:",124,8980
"songeons à cette jeune fille qui a avorté sur pression familiale. hésitante, elle n’a accepté qu’au dernier moment -un peu plus... or, elle avait pris l’habitude de parler à son enfant, qu’elle sentait dans son ventre. arrivée à l’hopital, elle lui a dit: « t’inquiète ça se",11,9019
ia: les hommes sont-ils en passe de devenir… obsolètes?,5,9030
"nord. une candidate ""féministe"" se présente au nom des valeurs du ""front populaire"" contre a. quatennens (màj. il renonce à sa candidature)",5,9072
"la ""dépsychiatrisation"" est une de leurs revendications. quelque chose me dit que ça va prendre un peu de temps. transmania",25,9077
"autrice jeunesse et mère de famille nombreuse, karine-marie amiot raconte à fc ce que l'expérience d'une maternité généreuse a changé à sa vie et comment elle s'y livre tout entière.",11,9103
"""ils n'existent qu'en fonction du groupe, et ça c'est très grave."" quand c'est alexandra, personne intersexe, qui remet la communauté transgenriste à sa place. l'entretien complet ici :right_arrow:",25,9141
"madame la ministre , il n’est plus temps de faire des rapports. les associations qui défendent la famille ont de nombreuses idées et propositions. et si vous répondiez enfin à notre demande d'entretien !?",11,9145
"merci à pour le coup de pub pour le livre et de faire la porte parole :parrot: du service public et de l’arcom … sur un ton de menace. :face_screaming_in_fear: sorry enora, mais le vrai féminisme c’est nous et les milliers de femmes avec nous ! ( dit avec la même panache que ce cher…",5,9153
les hommes dont elle se plaint sont ceux-là même qui correspondent à ce qu'elle désire au fond d'elle-même.,5,9177
":red_circle: législatives : adrien quatennens appelle les « féministes » à soutenir sa candidature, les critiques fusent :right_arrow_curving_down:",5,9246
"la mairie de rennes demande aux clubs de sport de déclarer des enfants ""non-binaires"". le militantisme woke ne veut pas le bien des enfants. la responsabilité des adultes est d'aider les jeunes à se construire, et non d'insinuer des idées obscurantistes.",11,9261
"on ne demande jamais à une femme son… c’est la question qui scandalise les féministes. :anger_symbol: mais s’ils ne se la posent pas, les hommes risquent gros :game_die: quelle est cette question et pourquoi la poser ? réponse dans ma dernière vidéo :right_arrow_curving_down:",5,9309
la tromperie masculine est évidemment dommageable et immorale mais elle reste toujours moins grave que la tromperie féminine.,5,9398
"en cette journée si particulière qui célèbre les droits des femmes dans le monde entier, j'ai souhaité rendre hommage à toutes les femmes en offrant une rose aux agents de la collectivité et aux femmes présentes sur notre marché hebdomadaire. journeedesdroitsdesfemmes",5,9421
l’association sos homophobie menace de porter plainte contre toute femme qui dit qu’une femme trans est un homme. cette asso reçoit des subventions publiques et les utilisent donc pour menacer des femmes qui décrivent de façon factuelle la réalité biologique. ça suffit de…,25,9423
"quels sont les avantages qu’un homme peut-il tirer du mariage à notre époque, qu'il ne pourrait pas obtenir en dehors du mariage par rapport à un simple concubinage ? vraie question.",5,9456
nostalgie douce en ce jour de fête des mères :folded_hands:,91,9464
"« j’aurais aimé que quelqu’un me dise la vérité à propos de la gpa » la star de télé-réalité américaine khloe kardashian révèle la vérité sur la gpa : la culpabilité de prendre un bébé à une femme qui vient d’accoucher, une transaction très dure, une difficulté à s’attacher à…",11,9480
"communiqué &gt; a l’occasion de la journeeinternationaledesdroitsdesfemmes, le syndicat de la famille célèbre la femme et affiche le slogan : « on naît femme… et on le devient », détournant avec humour la célèbre formule de simone de beauvoir. 8mars2024",5,9541
":red_heart:ce samedi 11 mai, j’emmène 200 parents solo à ⁦⁩ merci à ⁦⁩ pour sa fidélité! les enfants sont déjà si heureux:party_popper: :red_heart:ce dimanche 12 mai rdv à 23h10 sur ⁦⁩ mon documentaire sur les parents solo avec le réalisateur françois barré",91,9546
"hé oui , c’est bien connu ! les femmes n’ont jamais été aussi attirantes et fiables que depuis que leur bodycount a explosé ! toutes ces théories « masculinistes » sont vraiment déconnectées de toute réalité sociologique…",5,9575
"une famille, c’est une grande histoire, faite de belles histoires et de petites histoires. comment nous transforment-elles ?",11,9585
"'il est inconscient et égoïste d'accepter la pma pour les personnes transgenres à grande échelle sans mener en amont des études sérieuses sur les enfants nés d'hommes trans."" il est urgent de s'inquiéter de l'intérêt supérieur de l'enfant.",25,9617
la candidate frontpopulaire- lfi amal bentounsi aurait déclaré : «on ne peut pas reprocher à un croyant d'être homophobe si sa religion le lui commande.» quelle honte ! :face_vomiting::face_vomiting:homophobie,89,9658
"hier soir, réunion de travail du syndicat de la famille à montpellier. sujet : la famille structure la personne et la société, elle est irremplaçable.",11,9760
":television: cite le témoignage de pour qui ""cela a été un traumatisme de découvrir sur le tard être née de gpa et d'imaginer le processus qui avait conduit sa mère ""porteuse"" à l'abandonner au moment de l'accouchement.""",11,9778